Person No;Gender;Age;Photo No
100;1;46;1
100;1;46;10
100;1;46;11
100;1;46;12
100;1;46;13
100;1;46;14
100;1;46;15
100;1;46;16
100;1;46;17
100;1;46;18
100;1;46;19
100;1;46;2
100;1;46;20
100;1;46;21
100;1;46;22
100;1;46;23
100;1;46;24
100;1;46;25
100;1;46;26
100;1;46;27
100;1;46;28
100;1;46;29
100;1;46;3
100;1;46;30
100;1;46;31
100;1;46;32
100;1;46;33
100;1;46;34
100;1;46;35
100;1;46;36
100;1;46;37
100;1;46;38
100;1;46;39
100;1;46;4
100;1;46;40
100;1;46;41
100;1;46;42
100;1;46;43
100;1;46;44
100;1;46;45
100;1;46;46
100;1;46;47
100;1;46;48
100;1;46;49
100;1;46;5
100;1;46;50
100;1;46;51
100;1;46;52
100;1;46;53
100;1;46;54
100;1;46;55
100;1;46;56
100;1;46;57
100;1;46;58
100;1;46;59
100;1;46;6
100;1;46;60
100;1;46;61
100;1;46;62
100;1;46;63
100;1;46;64
100;1;46;65
100;1;46;66
100;1;46;67
100;1;46;68
100;1;46;69
100;1;46;7
100;1;46;70
100;1;46;71
100;1;46;72
100;1;46;73
100;1;46;74
100;1;46;75
100;1;46;76
100;1;46;77
100;1;46;78
100;1;46;79
100;1;46;8
100;1;46;80
100;1;46;81
100;1;46;82
100;1;46;83
100;1;46;84
100;1;46;85
100;1;46;86
100;1;46;87
100;1;46;88
100;1;46;89
100;1;46;9
10;1;38;1
10;1;38;10
10;1;38;11
10;1;38;12
10;1;38;13
10;1;38;14
10;1;38;15
10;1;38;16
10;1;38;17
10;1;38;18
10;1;38;19
10;1;38;2
10;1;38;20
10;1;38;21
10;1;38;22
10;1;38;23
10;1;38;24
10;1;38;25
10;1;38;26
10;1;38;27
10;1;38;28
10;1;38;29
10;1;38;3
10;1;38;30
10;1;38;31
10;1;38;32
10;1;38;33
10;1;38;34
10;1;38;35
10;1;38;36
10;1;38;37
10;1;38;38
10;1;38;39
10;1;38;4
10;1;38;40
10;1;38;41
10;1;38;42
10;1;38;43
10;1;38;44
10;1;38;45
10;1;38;46
10;1;38;47
10;1;38;48
10;1;38;49
10;1;38;5
10;1;38;50
10;1;38;51
10;1;38;52
10;1;38;53
10;1;38;54
10;1;38;55
10;1;38;56
10;1;38;57
10;1;38;58
10;1;38;59
10;1;38;6
10;1;38;60
10;1;38;61
10;1;38;62
10;1;38;63
10;1;38;64
10;1;38;65
10;1;38;66
10;1;38;67
10;1;38;68
10;1;38;69
10;1;38;7
10;1;38;70
10;1;38;8
10;1;38;9
11;1;27;1
11;1;27;10
11;1;27;11
11;1;27;12
11;1;27;13
11;1;27;14
11;1;27;15
11;1;27;16
11;1;27;17
11;1;27;18
11;1;27;19
11;1;27;2
11;1;27;20
11;1;27;21
11;1;27;22
11;1;27;23
11;1;27;24
11;1;27;25
11;1;27;26
11;1;27;27
11;1;27;28
11;1;27;29
11;1;27;3
11;1;27;30
11;1;27;31
11;1;27;32
11;1;27;33
11;1;27;34
11;1;27;35
11;1;27;36
11;1;27;37
11;1;27;38
11;1;27;39
11;1;27;4
11;1;27;40
11;1;27;41
11;1;27;42
11;1;27;43
11;1;27;44
11;1;27;45
11;1;27;46
11;1;27;47
11;1;27;48
11;1;27;49
11;1;27;5
11;1;27;50
11;1;27;51
11;1;27;52
11;1;27;53
11;1;27;54
11;1;27;55
11;1;27;56
11;1;27;57
11;1;27;58
11;1;27;59
11;1;27;6
11;1;27;60
11;1;27;61
11;1;27;62
11;1;27;63
11;1;27;64
11;1;27;7
11;1;27;8
11;1;27;9
12;2;27;1
12;2;27;10
12;2;27;11
12;2;27;12
12;2;27;13
12;2;27;14
12;2;27;15
12;2;27;16
12;2;27;17
12;2;27;18
12;2;27;19
12;2;27;2
12;2;27;20
12;2;27;21
12;2;27;22
12;2;27;23
12;2;27;24
12;2;27;25
12;2;27;26
12;2;27;27
12;2;27;28
12;2;27;29
12;2;27;3
12;2;27;30
12;2;27;31
12;2;27;32
12;2;27;33
12;2;27;34
12;2;27;35
12;2;27;36
12;2;27;37
12;2;27;38
12;2;27;39
12;2;27;4
12;2;27;40
12;2;27;41
12;2;27;42
12;2;27;43
12;2;27;44
12;2;27;45
12;2;27;46
12;2;27;47
12;2;27;48
12;2;27;49
12;2;27;5
12;2;27;50
12;2;27;51
12;2;27;52
12;2;27;53
12;2;27;54
12;2;27;55
12;2;27;56
12;2;27;57
12;2;27;58
12;2;27;59
12;2;27;6
12;2;27;60
12;2;27;61
12;2;27;62
12;2;27;63
12;2;27;64
12;2;27;65
12;2;27;66
12;2;27;67
12;2;27;68
12;2;27;69
12;2;27;7
12;2;27;70
12;2;27;71
12;2;27;72
12;2;27;73
12;2;27;74
12;2;27;75
12;2;27;76
12;2;27;77
12;2;27;78
12;2;27;79
12;2;27;8
12;2;27;80
12;2;27;81
12;2;27;82
12;2;27;83
12;2;27;84
12;2;27;85
12;2;27;86
12;2;27;87
12;2;27;88
12;2;27;89
12;2;27;9
12;2;27;90
12;2;27;91
12;2;27;92
12;2;27;93
12;2;27;94
12;2;27;95
12;2;27;96
12;2;27;97
12;2;27;98
12;2;27;99
13;1;29;1
13;1;29;10
13;1;29;11
13;1;29;12
13;1;29;13
13;1;29;14
13;1;29;15
13;1;29;16
13;1;29;17
13;1;29;18
13;1;29;19
13;1;29;2
13;1;29;20
13;1;29;21
13;1;29;22
13;1;29;23
13;1;29;24
13;1;29;25
13;1;29;26
13;1;29;27
13;1;29;28
13;1;29;29
13;1;29;3
13;1;29;30
13;1;29;31
13;1;29;32
13;1;29;33
13;1;29;34
13;1;29;35
13;1;29;36
13;1;29;37
13;1;29;38
13;1;29;39
13;1;29;4
13;1;29;40
13;1;29;41
13;1;29;42
13;1;29;43
13;1;29;44
13;1;29;45
13;1;29;46
13;1;29;47
13;1;29;48
13;1;29;49
13;1;29;5
13;1;29;50
13;1;29;51
13;1;29;52
13;1;29;53
13;1;29;54
13;1;29;55
13;1;29;56
13;1;29;57
13;1;29;58
13;1;29;59
13;1;29;6
13;1;29;60
13;1;29;61
13;1;29;62
13;1;29;63
13;1;29;64
13;1;29;65
13;1;29;66
13;1;29;67
13;1;29;68
13;1;29;69
13;1;29;7
13;1;29;70
13;1;29;71
13;1;29;72
13;1;29;73
13;1;29;74
13;1;29;75
13;1;29;76
13;1;29;77
13;1;29;78
13;1;29;79
13;1;29;8
13;1;29;80
13;1;29;81
13;1;29;82
13;1;29;83
13;1;29;84
13;1;29;85
13;1;29;86
13;1;29;87
13;1;29;88
13;1;29;9
14;1;53;1
14;1;53;10
14;1;53;11
14;1;53;12
14;1;53;13
14;1;53;14
14;1;53;15
14;1;53;16
14;1;53;17
14;1;53;18
14;1;53;19
14;1;53;2
14;1;53;20
14;1;53;21
14;1;53;22
14;1;53;23
14;1;53;24
14;1;53;25
14;1;53;26
14;1;53;27
14;1;53;28
14;1;53;29
14;1;53;3
14;1;53;30
14;1;53;31
14;1;53;32
14;1;53;33
14;1;53;34
14;1;53;35
14;1;53;36
14;1;53;37
14;1;53;38
14;1;53;39
14;1;53;4
14;1;53;40
14;1;53;41
14;1;53;42
14;1;53;43
14;1;53;44
14;1;53;45
14;1;53;46
14;1;53;47
14;1;53;48
14;1;53;49
14;1;53;5
14;1;53;50
14;1;53;51
14;1;53;52
14;1;53;53
14;1;53;54
14;1;53;55
14;1;53;56
14;1;53;57
14;1;53;58
14;1;53;59
14;1;53;6
14;1;53;60
14;1;53;61
14;1;53;62
14;1;53;63
14;1;53;64
14;1;53;65
14;1;53;66
14;1;53;67
14;1;53;68
14;1;53;69
14;1;53;7
14;1;53;70
14;1;53;71
14;1;53;72
14;1;53;73
14;1;53;74
14;1;53;75
14;1;53;76
14;1;53;77
14;1;53;78
14;1;53;79
14;1;53;8
14;1;53;80
14;1;53;81
14;1;53;82
14;1;53;83
14;1;53;84
14;1;53;85
14;1;53;86
14;1;53;87
14;1;53;88
14;1;53;9
15;1;37;1
15;1;37;10
15;1;37;11
15;1;37;12
15;1;37;13
15;1;37;14
15;1;37;15
15;1;37;16
15;1;37;17
15;1;37;18
15;1;37;19
15;1;37;2
15;1;37;20
15;1;37;21
15;1;37;22
15;1;37;23
15;1;37;24
15;1;37;25
15;1;37;26
15;1;37;27
15;1;37;28
15;1;37;29
15;1;37;3
15;1;37;30
15;1;37;31
15;1;37;32
15;1;37;33
15;1;37;34
15;1;37;35
15;1;37;36
15;1;37;37
15;1;37;38
15;1;37;39
15;1;37;4
15;1;37;40
15;1;37;41
15;1;37;42
15;1;37;43
15;1;37;44
15;1;37;45
15;1;37;46
15;1;37;47
15;1;37;48
15;1;37;49
15;1;37;5
15;1;37;50
15;1;37;51
15;1;37;52
15;1;37;53
15;1;37;54
15;1;37;55
15;1;37;56
15;1;37;57
15;1;37;58
15;1;37;59
15;1;37;6
15;1;37;60
15;1;37;61
15;1;37;62
15;1;37;63
15;1;37;64
15;1;37;65
15;1;37;66
15;1;37;67
15;1;37;68
15;1;37;69
15;1;37;7
15;1;37;70
15;1;37;71
15;1;37;72
15;1;37;73
15;1;37;74
15;1;37;75
15;1;37;76
15;1;37;77
15;1;37;78
15;1;37;79
15;1;37;8
15;1;37;80
15;1;37;81
15;1;37;82
15;1;37;83
15;1;37;84
15;1;37;85
15;1;37;86
15;1;37;9
16;1;22;1
16;1;22;10
16;1;22;11
16;1;22;12
16;1;22;13
16;1;22;14
16;1;22;15
16;1;22;16
16;1;22;17
16;1;22;18
16;1;22;19
16;1;22;2
16;1;22;20
16;1;22;21
16;1;22;22
16;1;22;23
16;1;22;24
16;1;22;25
16;1;22;26
16;1;22;27
16;1;22;28
16;1;22;29
16;1;22;3
16;1;22;30
16;1;22;31
16;1;22;32
16;1;22;33
16;1;22;34
16;1;22;35
16;1;22;36
16;1;22;37
16;1;22;38
16;1;22;39
16;1;22;4
16;1;22;40
16;1;22;41
16;1;22;42
16;1;22;43
16;1;22;44
16;1;22;45
16;1;22;46
16;1;22;47
16;1;22;48
16;1;22;49
16;1;22;5
16;1;22;50
16;1;22;51
16;1;22;52
16;1;22;53
16;1;22;54
16;1;22;55
16;1;22;56
16;1;22;57
16;1;22;58
16;1;22;59
16;1;22;6
16;1;22;7
16;1;22;8
16;1;22;9
17;1;21;1
17;1;21;10
17;1;21;11
17;1;21;12
17;1;21;13
17;1;21;14
17;1;21;15
17;1;21;16
17;1;21;17
17;1;21;18
17;1;21;19
17;1;21;2
17;1;21;20
17;1;21;21
17;1;21;22
17;1;21;23
17;1;21;24
17;1;21;25
17;1;21;26
17;1;21;27
17;1;21;28
17;1;21;29
17;1;21;3
17;1;21;30
17;1;21;31
17;1;21;32
17;1;21;33
17;1;21;34
17;1;21;35
17;1;21;36
17;1;21;37
17;1;21;38
17;1;21;39
17;1;21;4
17;1;21;40
17;1;21;41
17;1;21;42
17;1;21;43
17;1;21;44
17;1;21;45
17;1;21;46
17;1;21;47
17;1;21;48
17;1;21;49
17;1;21;5
17;1;21;50
17;1;21;51
17;1;21;52
17;1;21;53
17;1;21;54
17;1;21;55
17;1;21;56
17;1;21;57
17;1;21;58
17;1;21;59
17;1;21;6
17;1;21;60
17;1;21;61
17;1;21;62
17;1;21;63
17;1;21;64
17;1;21;65
17;1;21;66
17;1;21;67
17;1;21;68
17;1;21;69
17;1;21;7
17;1;21;70
17;1;21;71
17;1;21;72
17;1;21;73
17;1;21;74
17;1;21;75
17;1;21;76
17;1;21;77
17;1;21;78
17;1;21;8
17;1;21;9
18;1;25;1
18;1;25;10
18;1;25;11
18;1;25;12
18;1;25;13
18;1;25;14
18;1;25;15
18;1;25;16
18;1;25;17
18;1;25;18
18;1;25;19
18;1;25;2
18;1;25;20
18;1;25;21
18;1;25;22
18;1;25;23
18;1;25;24
18;1;25;25
18;1;25;26
18;1;25;27
18;1;25;28
18;1;25;29
18;1;25;3
18;1;25;30
18;1;25;31
18;1;25;32
18;1;25;33
18;1;25;34
18;1;25;35
18;1;25;36
18;1;25;37
18;1;25;38
18;1;25;39
18;1;25;4
18;1;25;40
18;1;25;41
18;1;25;42
18;1;25;43
18;1;25;44
18;1;25;45
18;1;25;46
18;1;25;47
18;1;25;48
18;1;25;49
18;1;25;5
18;1;25;50
18;1;25;51
18;1;25;52
18;1;25;53
18;1;25;54
18;1;25;55
18;1;25;56
18;1;25;57
18;1;25;6
18;1;25;7
18;1;25;8
18;1;25;9
19;1;29;1
19;1;29;10
19;1;29;11
19;1;29;12
19;1;29;13
19;1;29;14
19;1;29;15
19;1;29;16
19;1;29;17
19;1;29;18
19;1;29;19
19;1;29;2
19;1;29;20
19;1;29;21
19;1;29;22
19;1;29;23
19;1;29;24
19;1;29;25
19;1;29;26
19;1;29;27
19;1;29;28
19;1;29;29
19;1;29;3
19;1;29;30
19;1;29;31
19;1;29;32
19;1;29;33
19;1;29;34
19;1;29;35
19;1;29;36
19;1;29;37
19;1;29;38
19;1;29;39
19;1;29;4
19;1;29;40
19;1;29;41
19;1;29;42
19;1;29;43
19;1;29;44
19;1;29;45
19;1;29;46
19;1;29;47
19;1;29;48
19;1;29;49
19;1;29;5
19;1;29;50
19;1;29;51
19;1;29;52
19;1;29;53
19;1;29;54
19;1;29;55
19;1;29;56
19;1;29;57
19;1;29;58
19;1;29;59
19;1;29;6
19;1;29;60
19;1;29;61
19;1;29;7
19;1;29;8
19;1;29;9
1;1;28;1
1;1;28;10
1;1;28;11
1;1;28;12
1;1;28;13
1;1;28;14
1;1;28;15
1;1;28;16
1;1;28;17
1;1;28;18
1;1;28;19
1;1;28;2
1;1;28;20
1;1;28;21
1;1;28;22
1;1;28;23
1;1;28;24
1;1;28;25
1;1;28;26
1;1;28;27
1;1;28;28
1;1;28;29
1;1;28;3
1;1;28;30
1;1;28;31
1;1;28;32
1;1;28;33
1;1;28;34
1;1;28;35
1;1;28;36
1;1;28;37
1;1;28;38
1;1;28;39
1;1;28;4
1;1;28;40
1;1;28;41
1;1;28;42
1;1;28;43
1;1;28;44
1;1;28;45
1;1;28;46
1;1;28;47
1;1;28;48
1;1;28;49
1;1;28;5
1;1;28;50
1;1;28;51
1;1;28;52
1;1;28;53
1;1;28;54
1;1;28;55
1;1;28;56
1;1;28;57
1;1;28;58
1;1;28;59
1;1;28;6
1;1;28;60
1;1;28;61
1;1;28;62
1;1;28;63
1;1;28;64
1;1;28;65
1;1;28;66
1;1;28;67
1;1;28;68
1;1;28;69
1;1;28;7
1;1;28;70
1;1;28;71
1;1;28;72
1;1;28;73
1;1;28;74
1;1;28;75
1;1;28;76
1;1;28;77
1;1;28;78
1;1;28;79
1;1;28;8
1;1;28;80
1;1;28;81
1;1;28;82
1;1;28;83
1;1;28;84
1;1;28;85
1;1;28;86
1;1;28;87
1;1;28;88
1;1;28;89
1;1;28;9
1;1;28;90
1;1;28;91
1;1;28;92
1;1;28;93
1;1;28;94
20;1;29;1
20;1;29;10
20;1;29;11
20;1;29;12
20;1;29;13
20;1;29;14
20;1;29;15
20;1;29;16
20;1;29;17
20;1;29;18
20;1;29;19
20;1;29;2
20;1;29;20
20;1;29;21
20;1;29;22
20;1;29;23
20;1;29;24
20;1;29;25
20;1;29;26
20;1;29;27
20;1;29;28
20;1;29;29
20;1;29;3
20;1;29;30
20;1;29;31
20;1;29;32
20;1;29;33
20;1;29;34
20;1;29;35
20;1;29;36
20;1;29;37
20;1;29;38
20;1;29;39
20;1;29;4
20;1;29;40
20;1;29;41
20;1;29;42
20;1;29;43
20;1;29;44
20;1;29;45
20;1;29;46
20;1;29;47
20;1;29;48
20;1;29;49
20;1;29;5
20;1;29;50
20;1;29;51
20;1;29;52
20;1;29;53
20;1;29;6
20;1;29;7
20;1;29;8
20;1;29;9
21;1;35;1
21;1;35;10
21;1;35;11
21;1;35;12
21;1;35;13
21;1;35;14
21;1;35;15
21;1;35;16
21;1;35;17
21;1;35;18
21;1;35;19
21;1;35;2
21;1;35;20
21;1;35;21
21;1;35;22
21;1;35;23
21;1;35;24
21;1;35;25
21;1;35;26
21;1;35;27
21;1;35;28
21;1;35;29
21;1;35;3
21;1;35;30
21;1;35;31
21;1;35;32
21;1;35;33
21;1;35;34
21;1;35;35
21;1;35;36
21;1;35;37
21;1;35;38
21;1;35;39
21;1;35;4
21;1;35;40
21;1;35;41
21;1;35;42
21;1;35;43
21;1;35;44
21;1;35;45
21;1;35;46
21;1;35;47
21;1;35;48
21;1;35;5
21;1;35;6
21;1;35;7
21;1;35;8
21;1;35;9
22;1;26;1
22;1;26;10
22;1;26;11
22;1;26;12
22;1;26;13
22;1;26;14
22;1;26;15
22;1;26;16
22;1;26;17
22;1;26;18
22;1;26;19
22;1;26;2
22;1;26;20
22;1;26;21
22;1;26;22
22;1;26;23
22;1;26;24
22;1;26;25
22;1;26;26
22;1;26;27
22;1;26;28
22;1;26;29
22;1;26;3
22;1;26;30
22;1;26;31
22;1;26;32
22;1;26;33
22;1;26;34
22;1;26;35
22;1;26;36
22;1;26;37
22;1;26;38
22;1;26;39
22;1;26;4
22;1;26;40
22;1;26;41
22;1;26;42
22;1;26;43
22;1;26;44
22;1;26;45
22;1;26;46
22;1;26;47
22;1;26;48
22;1;26;49
22;1;26;5
22;1;26;50
22;1;26;51
22;1;26;52
22;1;26;53
22;1;26;54
22;1;26;6
22;1;26;7
22;1;26;8
22;1;26;9
23;1;28;1
23;1;28;10
23;1;28;11
23;1;28;12
23;1;28;13
23;1;28;14
23;1;28;15
23;1;28;16
23;1;28;17
23;1;28;18
23;1;28;19
23;1;28;2
23;1;28;20
23;1;28;21
23;1;28;22
23;1;28;23
23;1;28;24
23;1;28;25
23;1;28;26
23;1;28;27
23;1;28;28
23;1;28;29
23;1;28;3
23;1;28;30
23;1;28;31
23;1;28;32
23;1;28;33
23;1;28;34
23;1;28;35
23;1;28;36
23;1;28;37
23;1;28;38
23;1;28;39
23;1;28;4
23;1;28;40
23;1;28;41
23;1;28;42
23;1;28;43
23;1;28;44
23;1;28;45
23;1;28;46
23;1;28;47
23;1;28;48
23;1;28;49
23;1;28;5
23;1;28;50
23;1;28;51
23;1;28;52
23;1;28;53
23;1;28;54
23;1;28;55
23;1;28;56
23;1;28;57
23;1;28;58
23;1;28;6
23;1;28;7
23;1;28;8
23;1;28;9
24;1;32;1
24;1;32;10
24;1;32;11
24;1;32;12
24;1;32;13
24;1;32;14
24;1;32;15
24;1;32;16
24;1;32;17
24;1;32;18
24;1;32;19
24;1;32;2
24;1;32;20
24;1;32;21
24;1;32;22
24;1;32;23
24;1;32;24
24;1;32;25
24;1;32;26
24;1;32;27
24;1;32;28
24;1;32;29
24;1;32;3
24;1;32;30
24;1;32;31
24;1;32;32
24;1;32;33
24;1;32;34
24;1;32;35
24;1;32;36
24;1;32;37
24;1;32;38
24;1;32;39
24;1;32;4
24;1;32;40
24;1;32;41
24;1;32;42
24;1;32;43
24;1;32;44
24;1;32;45
24;1;32;46
24;1;32;47
24;1;32;48
24;1;32;49
24;1;32;5
24;1;32;50
24;1;32;51
24;1;32;52
24;1;32;53
24;1;32;54
24;1;32;55
24;1;32;56
24;1;32;57
24;1;32;58
24;1;32;59
24;1;32;6
24;1;32;60
24;1;32;61
24;1;32;62
24;1;32;63
24;1;32;64
24;1;32;7
24;1;32;8
24;1;32;9
25;1;25;1
25;1;25;10
25;1;25;11
25;1;25;12
25;1;25;13
25;1;25;14
25;1;25;15
25;1;25;16
25;1;25;17
25;1;25;18
25;1;25;19
25;1;25;2
25;1;25;20
25;1;25;21
25;1;25;22
25;1;25;23
25;1;25;24
25;1;25;25
25;1;25;26
25;1;25;27
25;1;25;28
25;1;25;29
25;1;25;3
25;1;25;30
25;1;25;31
25;1;25;32
25;1;25;33
25;1;25;34
25;1;25;35
25;1;25;36
25;1;25;37
25;1;25;38
25;1;25;39
25;1;25;4
25;1;25;40
25;1;25;41
25;1;25;42
25;1;25;43
25;1;25;44
25;1;25;45
25;1;25;46
25;1;25;47
25;1;25;48
25;1;25;49
25;1;25;5
25;1;25;50
25;1;25;51
25;1;25;52
25;1;25;53
25;1;25;54
25;1;25;55
25;1;25;56
25;1;25;57
25;1;25;58
25;1;25;6
25;1;25;7
25;1;25;8
25;1;25;9
26;1;20;1
26;1;20;10
26;1;20;11
26;1;20;12
26;1;20;13
26;1;20;14
26;1;20;15
26;1;20;16
26;1;20;17
26;1;20;18
26;1;20;19
26;1;20;2
26;1;20;20
26;1;20;21
26;1;20;22
26;1;20;23
26;1;20;24
26;1;20;25
26;1;20;26
26;1;20;27
26;1;20;28
26;1;20;29
26;1;20;3
26;1;20;30
26;1;20;31
26;1;20;32
26;1;20;33
26;1;20;34
26;1;20;35
26;1;20;36
26;1;20;37
26;1;20;38
26;1;20;39
26;1;20;4
26;1;20;40
26;1;20;41
26;1;20;42
26;1;20;43
26;1;20;44
26;1;20;45
26;1;20;46
26;1;20;47
26;1;20;48
26;1;20;49
26;1;20;5
26;1;20;50
26;1;20;51
26;1;20;52
26;1;20;53
26;1;20;54
26;1;20;55
26;1;20;56
26;1;20;57
26;1;20;58
26;1;20;59
26;1;20;6
26;1;20;60
26;1;20;61
26;1;20;62
26;1;20;63
26;1;20;64
26;1;20;65
26;1;20;66
26;1;20;67
26;1;20;68
26;1;20;69
26;1;20;7
26;1;20;70
26;1;20;71
26;1;20;8
26;1;20;9
27;1;31;1
27;1;31;10
27;1;31;11
27;1;31;12
27;1;31;13
27;1;31;14
27;1;31;15
27;1;31;16
27;1;31;17
27;1;31;18
27;1;31;19
27;1;31;2
27;1;31;20
27;1;31;21
27;1;31;22
27;1;31;23
27;1;31;24
27;1;31;25
27;1;31;26
27;1;31;27
27;1;31;28
27;1;31;29
27;1;31;3
27;1;31;30
27;1;31;31
27;1;31;32
27;1;31;33
27;1;31;34
27;1;31;35
27;1;31;36
27;1;31;37
27;1;31;38
27;1;31;39
27;1;31;4
27;1;31;40
27;1;31;41
27;1;31;42
27;1;31;43
27;1;31;44
27;1;31;45
27;1;31;46
27;1;31;47
27;1;31;48
27;1;31;49
27;1;31;5
27;1;31;50
27;1;31;51
27;1;31;52
27;1;31;53
27;1;31;54
27;1;31;55
27;1;31;56
27;1;31;57
27;1;31;58
27;1;31;59
27;1;31;6
27;1;31;60
27;1;31;61
27;1;31;62
27;1;31;63
27;1;31;64
27;1;31;65
27;1;31;66
27;1;31;67
27;1;31;68
27;1;31;69
27;1;31;7
27;1;31;70
27;1;31;8
27;1;31;9
28;1;31;1
28;1;31;10
28;1;31;11
28;1;31;12
28;1;31;13
28;1;31;14
28;1;31;15
28;1;31;16
28;1;31;17
28;1;31;18
28;1;31;19
28;1;31;2
28;1;31;20
28;1;31;21
28;1;31;22
28;1;31;23
28;1;31;24
28;1;31;25
28;1;31;26
28;1;31;27
28;1;31;28
28;1;31;29
28;1;31;3
28;1;31;30
28;1;31;31
28;1;31;32
28;1;31;33
28;1;31;34
28;1;31;35
28;1;31;36
28;1;31;37
28;1;31;38
28;1;31;39
28;1;31;4
28;1;31;40
28;1;31;41
28;1;31;42
28;1;31;43
28;1;31;44
28;1;31;45
28;1;31;46
28;1;31;47
28;1;31;48
28;1;31;49
28;1;31;5
28;1;31;50
28;1;31;51
28;1;31;52
28;1;31;53
28;1;31;54
28;1;31;55
28;1;31;56
28;1;31;57
28;1;31;58
28;1;31;59
28;1;31;6
28;1;31;60
28;1;31;61
28;1;31;62
28;1;31;63
28;1;31;64
28;1;31;65
28;1;31;66
28;1;31;67
28;1;31;7
28;1;31;8
28;1;31;9
29;1;30;1
29;1;30;10
29;1;30;11
29;1;30;12
29;1;30;13
29;1;30;14
29;1;30;15
29;1;30;16
29;1;30;17
29;1;30;18
29;1;30;19
29;1;30;2
29;1;30;20
29;1;30;21
29;1;30;22
29;1;30;23
29;1;30;24
29;1;30;25
29;1;30;26
29;1;30;27
29;1;30;28
29;1;30;29
29;1;30;3
29;1;30;30
29;1;30;31
29;1;30;32
29;1;30;33
29;1;30;34
29;1;30;35
29;1;30;36
29;1;30;37
29;1;30;38
29;1;30;39
29;1;30;4
29;1;30;40
29;1;30;41
29;1;30;42
29;1;30;43
29;1;30;44
29;1;30;45
29;1;30;46
29;1;30;47
29;1;30;48
29;1;30;49
29;1;30;5
29;1;30;50
29;1;30;51
29;1;30;52
29;1;30;53
29;1;30;54
29;1;30;6
29;1;30;7
29;1;30;8
29;1;30;9
2;1;32;1
2;1;32;10
2;1;32;11
2;1;32;12
2;1;32;13
2;1;32;14
2;1;32;15
2;1;32;16
2;1;32;17
2;1;32;18
2;1;32;19
2;1;32;2
2;1;32;20
2;1;32;21
2;1;32;22
2;1;32;23
2;1;32;24
2;1;32;25
2;1;32;26
2;1;32;27
2;1;32;28
2;1;32;29
2;1;32;3
2;1;32;30
2;1;32;31
2;1;32;32
2;1;32;33
2;1;32;34
2;1;32;35
2;1;32;36
2;1;32;37
2;1;32;38
2;1;32;39
2;1;32;4
2;1;32;40
2;1;32;41
2;1;32;42
2;1;32;43
2;1;32;44
2;1;32;45
2;1;32;46
2;1;32;47
2;1;32;48
2;1;32;49
2;1;32;5
2;1;32;50
2;1;32;51
2;1;32;6
2;1;32;7
2;1;32;8
2;1;32;9
30;1;30;1
30;1;30;10
30;1;30;11
30;1;30;12
30;1;30;13
30;1;30;14
30;1;30;15
30;1;30;16
30;1;30;17
30;1;30;18
30;1;30;19
30;1;30;2
30;1;30;20
30;1;30;21
30;1;30;22
30;1;30;23
30;1;30;24
30;1;30;25
30;1;30;26
30;1;30;27
30;1;30;28
30;1;30;29
30;1;30;3
30;1;30;30
30;1;30;31
30;1;30;32
30;1;30;33
30;1;30;34
30;1;30;35
30;1;30;36
30;1;30;37
30;1;30;38
30;1;30;39
30;1;30;4
30;1;30;40
30;1;30;41
30;1;30;42
30;1;30;43
30;1;30;44
30;1;30;45
30;1;30;46
30;1;30;47
30;1;30;48
30;1;30;49
30;1;30;5
30;1;30;50
30;1;30;51
30;1;30;52
30;1;30;53
30;1;30;54
30;1;30;55
30;1;30;56
30;1;30;57
30;1;30;58
30;1;30;6
30;1;30;7
30;1;30;8
30;1;30;9
31;2;27;1
31;2;27;10
31;2;27;11
31;2;27;12
31;2;27;13
31;2;27;14
31;2;27;15
31;2;27;16
31;2;27;17
31;2;27;18
31;2;27;19
31;2;27;2
31;2;27;20
31;2;27;21
31;2;27;22
31;2;27;23
31;2;27;24
31;2;27;25
31;2;27;26
31;2;27;27
31;2;27;28
31;2;27;29
31;2;27;3
31;2;27;30
31;2;27;31
31;2;27;32
31;2;27;33
31;2;27;34
31;2;27;35
31;2;27;36
31;2;27;37
31;2;27;38
31;2;27;39
31;2;27;4
31;2;27;40
31;2;27;41
31;2;27;42
31;2;27;43
31;2;27;44
31;2;27;45
31;2;27;46
31;2;27;47
31;2;27;48
31;2;27;49
31;2;27;5
31;2;27;50
31;2;27;51
31;2;27;52
31;2;27;53
31;2;27;54
31;2;27;55
31;2;27;56
31;2;27;6
31;2;27;7
31;2;27;8
31;2;27;9
32;1;24;1
32;1;24;10
32;1;24;11
32;1;24;12
32;1;24;13
32;1;24;14
32;1;24;15
32;1;24;16
32;1;24;17
32;1;24;18
32;1;24;19
32;1;24;2
32;1;24;20
32;1;24;21
32;1;24;22
32;1;24;23
32;1;24;24
32;1;24;25
32;1;24;26
32;1;24;27
32;1;24;28
32;1;24;29
32;1;24;3
32;1;24;30
32;1;24;31
32;1;24;32
32;1;24;33
32;1;24;34
32;1;24;35
32;1;24;36
32;1;24;37
32;1;24;38
32;1;24;39
32;1;24;4
32;1;24;40
32;1;24;41
32;1;24;42
32;1;24;43
32;1;24;44
32;1;24;45
32;1;24;46
32;1;24;47
32;1;24;48
32;1;24;49
32;1;24;5
32;1;24;50
32;1;24;51
32;1;24;52
32;1;24;53
32;1;24;54
32;1;24;55
32;1;24;56
32;1;24;57
32;1;24;58
32;1;24;59
32;1;24;6
32;1;24;60
32;1;24;61
32;1;24;62
32;1;24;63
32;1;24;64
32;1;24;65
32;1;24;66
32;1;24;67
32;1;24;68
32;1;24;69
32;1;24;7
32;1;24;70
32;1;24;71
32;1;24;72
32;1;24;73
32;1;24;74
32;1;24;75
32;1;24;76
32;1;24;8
32;1;24;9
33;1;35;1
33;1;35;10
33;1;35;11
33;1;35;12
33;1;35;13
33;1;35;14
33;1;35;15
33;1;35;16
33;1;35;17
33;1;35;18
33;1;35;19
33;1;35;2
33;1;35;20
33;1;35;21
33;1;35;22
33;1;35;23
33;1;35;24
33;1;35;25
33;1;35;26
33;1;35;27
33;1;35;28
33;1;35;29
33;1;35;3
33;1;35;30
33;1;35;31
33;1;35;32
33;1;35;33
33;1;35;34
33;1;35;35
33;1;35;36
33;1;35;37
33;1;35;38
33;1;35;39
33;1;35;4
33;1;35;40
33;1;35;41
33;1;35;42
33;1;35;43
33;1;35;44
33;1;35;45
33;1;35;46
33;1;35;47
33;1;35;48
33;1;35;49
33;1;35;5
33;1;35;50
33;1;35;51
33;1;35;52
33;1;35;53
33;1;35;54
33;1;35;55
33;1;35;56
33;1;35;57
33;1;35;58
33;1;35;59
33;1;35;6
33;1;35;60
33;1;35;61
33;1;35;62
33;1;35;63
33;1;35;64
33;1;35;65
33;1;35;66
33;1;35;67
33;1;35;68
33;1;35;69
33;1;35;7
33;1;35;70
33;1;35;71
33;1;35;8
33;1;35;9
34;1;28;1
34;1;28;10
34;1;28;11
34;1;28;12
34;1;28;13
34;1;28;14
34;1;28;15
34;1;28;16
34;1;28;17
34;1;28;18
34;1;28;19
34;1;28;2
34;1;28;20
34;1;28;21
34;1;28;22
34;1;28;23
34;1;28;24
34;1;28;25
34;1;28;26
34;1;28;27
34;1;28;28
34;1;28;29
34;1;28;3
34;1;28;30
34;1;28;31
34;1;28;32
34;1;28;33
34;1;28;34
34;1;28;35
34;1;28;36
34;1;28;37
34;1;28;38
34;1;28;39
34;1;28;4
34;1;28;40
34;1;28;41
34;1;28;42
34;1;28;43
34;1;28;44
34;1;28;45
34;1;28;46
34;1;28;47
34;1;28;48
34;1;28;49
34;1;28;5
34;1;28;50
34;1;28;51
34;1;28;52
34;1;28;53
34;1;28;54
34;1;28;55
34;1;28;56
34;1;28;57
34;1;28;58
34;1;28;59
34;1;28;6
34;1;28;60
34;1;28;61
34;1;28;62
34;1;28;63
34;1;28;64
34;1;28;65
34;1;28;66
34;1;28;7
34;1;28;8
34;1;28;9
35;1;27;1
35;1;27;10
35;1;27;11
35;1;27;12
35;1;27;13
35;1;27;14
35;1;27;15
35;1;27;16
35;1;27;17
35;1;27;18
35;1;27;19
35;1;27;2
35;1;27;20
35;1;27;21
35;1;27;22
35;1;27;23
35;1;27;24
35;1;27;25
35;1;27;26
35;1;27;27
35;1;27;28
35;1;27;29
35;1;27;3
35;1;27;30
35;1;27;31
35;1;27;32
35;1;27;33
35;1;27;34
35;1;27;35
35;1;27;36
35;1;27;37
35;1;27;38
35;1;27;39
35;1;27;4
35;1;27;40
35;1;27;41
35;1;27;42
35;1;27;43
35;1;27;44
35;1;27;45
35;1;27;46
35;1;27;47
35;1;27;48
35;1;27;49
35;1;27;5
35;1;27;50
35;1;27;51
35;1;27;52
35;1;27;53
35;1;27;54
35;1;27;55
35;1;27;56
35;1;27;57
35;1;27;58
35;1;27;59
35;1;27;6
35;1;27;60
35;1;27;61
35;1;27;62
35;1;27;7
35;1;27;8
35;1;27;9
36;1;27;1
36;1;27;10
36;1;27;11
36;1;27;12
36;1;27;13
36;1;27;14
36;1;27;15
36;1;27;16
36;1;27;17
36;1;27;18
36;1;27;19
36;1;27;2
36;1;27;20
36;1;27;21
36;1;27;22
36;1;27;23
36;1;27;24
36;1;27;25
36;1;27;26
36;1;27;27
36;1;27;28
36;1;27;29
36;1;27;3
36;1;27;30
36;1;27;31
36;1;27;32
36;1;27;33
36;1;27;34
36;1;27;35
36;1;27;36
36;1;27;37
36;1;27;38
36;1;27;39
36;1;27;4
36;1;27;40
36;1;27;41
36;1;27;42
36;1;27;43
36;1;27;44
36;1;27;45
36;1;27;46
36;1;27;47
36;1;27;48
36;1;27;49
36;1;27;5
36;1;27;50
36;1;27;51
36;1;27;52
36;1;27;53
36;1;27;54
36;1;27;55
36;1;27;56
36;1;27;57
36;1;27;58
36;1;27;59
36;1;27;6
36;1;27;60
36;1;27;61
36;1;27;62
36;1;27;63
36;1;27;64
36;1;27;65
36;1;27;7
36;1;27;8
36;1;27;9
37;1;26;1
37;1;26;10
37;1;26;11
37;1;26;12
37;1;26;13
37;1;26;14
37;1;26;15
37;1;26;16
37;1;26;17
37;1;26;18
37;1;26;19
37;1;26;2
37;1;26;20
37;1;26;21
37;1;26;22
37;1;26;23
37;1;26;24
37;1;26;25
37;1;26;26
37;1;26;27
37;1;26;28
37;1;26;29
37;1;26;3
37;1;26;30
37;1;26;31
37;1;26;32
37;1;26;33
37;1;26;34
37;1;26;35
37;1;26;36
37;1;26;37
37;1;26;38
37;1;26;39
37;1;26;4
37;1;26;40
37;1;26;41
37;1;26;42
37;1;26;43
37;1;26;44
37;1;26;45
37;1;26;46
37;1;26;47
37;1;26;48
37;1;26;49
37;1;26;5
37;1;26;50
37;1;26;51
37;1;26;52
37;1;26;53
37;1;26;54
37;1;26;55
37;1;26;56
37;1;26;57
37;1;26;58
37;1;26;59
37;1;26;6
37;1;26;60
37;1;26;61
37;1;26;62
37;1;26;63
37;1;26;64
37;1;26;65
37;1;26;66
37;1;26;67
37;1;26;68
37;1;26;69
37;1;26;7
37;1;26;70
37;1;26;71
37;1;26;72
37;1;26;73
37;1;26;8
37;1;26;9
38;1;49;1
38;1;49;10
38;1;49;11
38;1;49;12
38;1;49;13
38;1;49;14
38;1;49;15
38;1;49;16
38;1;49;17
38;1;49;18
38;1;49;19
38;1;49;2
38;1;49;20
38;1;49;21
38;1;49;22
38;1;49;23
38;1;49;24
38;1;49;25
38;1;49;26
38;1;49;27
38;1;49;28
38;1;49;29
38;1;49;3
38;1;49;30
38;1;49;31
38;1;49;32
38;1;49;33
38;1;49;34
38;1;49;35
38;1;49;36
38;1;49;37
38;1;49;38
38;1;49;39
38;1;49;4
38;1;49;40
38;1;49;41
38;1;49;42
38;1;49;43
38;1;49;44
38;1;49;45
38;1;49;46
38;1;49;47
38;1;49;48
38;1;49;49
38;1;49;5
38;1;49;50
38;1;49;51
38;1;49;52
38;1;49;53
38;1;49;54
38;1;49;55
38;1;49;56
38;1;49;6
38;1;49;7
38;1;49;8
38;1;49;9
39;1;32;1
39;1;32;10
39;1;32;11
39;1;32;12
39;1;32;13
39;1;32;14
39;1;32;15
39;1;32;16
39;1;32;17
39;1;32;18
39;1;32;19
39;1;32;2
39;1;32;20
39;1;32;21
39;1;32;22
39;1;32;23
39;1;32;24
39;1;32;25
39;1;32;26
39;1;32;27
39;1;32;28
39;1;32;29
39;1;32;3
39;1;32;30
39;1;32;31
39;1;32;32
39;1;32;33
39;1;32;34
39;1;32;35
39;1;32;36
39;1;32;37
39;1;32;38
39;1;32;39
39;1;32;4
39;1;32;40
39;1;32;41
39;1;32;42
39;1;32;43
39;1;32;44
39;1;32;45
39;1;32;46
39;1;32;47
39;1;32;48
39;1;32;49
39;1;32;5
39;1;32;50
39;1;32;51
39;1;32;52
39;1;32;53
39;1;32;54
39;1;32;55
39;1;32;56
39;1;32;57
39;1;32;58
39;1;32;59
39;1;32;6
39;1;32;60
39;1;32;61
39;1;32;62
39;1;32;7
39;1;32;8
39;1;32;9
3;1;36;1
3;1;36;10
3;1;36;11
3;1;36;12
3;1;36;13
3;1;36;14
3;1;36;15
3;1;36;16
3;1;36;17
3;1;36;18
3;1;36;19
3;1;36;2
3;1;36;20
3;1;36;21
3;1;36;22
3;1;36;23
3;1;36;24
3;1;36;25
3;1;36;26
3;1;36;27
3;1;36;28
3;1;36;29
3;1;36;3
3;1;36;30
3;1;36;31
3;1;36;32
3;1;36;33
3;1;36;34
3;1;36;35
3;1;36;36
3;1;36;37
3;1;36;38
3;1;36;39
3;1;36;4
3;1;36;40
3;1;36;41
3;1;36;42
3;1;36;43
3;1;36;44
3;1;36;45
3;1;36;46
3;1;36;47
3;1;36;48
3;1;36;5
3;1;36;6
3;1;36;7
3;1;36;8
3;1;36;9
40;1;37;1
40;1;37;10
40;1;37;11
40;1;37;12
40;1;37;13
40;1;37;14
40;1;37;15
40;1;37;16
40;1;37;17
40;1;37;18
40;1;37;19
40;1;37;2
40;1;37;20
40;1;37;21
40;1;37;22
40;1;37;23
40;1;37;24
40;1;37;25
40;1;37;26
40;1;37;27
40;1;37;28
40;1;37;29
40;1;37;3
40;1;37;30
40;1;37;31
40;1;37;32
40;1;37;33
40;1;37;34
40;1;37;35
40;1;37;36
40;1;37;37
40;1;37;38
40;1;37;39
40;1;37;4
40;1;37;40
40;1;37;41
40;1;37;42
40;1;37;43
40;1;37;44
40;1;37;45
40;1;37;46
40;1;37;47
40;1;37;48
40;1;37;49
40;1;37;5
40;1;37;50
40;1;37;51
40;1;37;52
40;1;37;53
40;1;37;54
40;1;37;55
40;1;37;56
40;1;37;57
40;1;37;58
40;1;37;6
40;1;37;7
40;1;37;8
40;1;37;9
41;2;25;1
41;2;25;10
41;2;25;11
41;2;25;12
41;2;25;13
41;2;25;14
41;2;25;15
41;2;25;16
41;2;25;17
41;2;25;18
41;2;25;19
41;2;25;2
41;2;25;20
41;2;25;21
41;2;25;22
41;2;25;23
41;2;25;24
41;2;25;25
41;2;25;26
41;2;25;27
41;2;25;28
41;2;25;29
41;2;25;3
41;2;25;30
41;2;25;31
41;2;25;32
41;2;25;33
41;2;25;34
41;2;25;35
41;2;25;36
41;2;25;37
41;2;25;38
41;2;25;39
41;2;25;4
41;2;25;40
41;2;25;41
41;2;25;42
41;2;25;43
41;2;25;44
41;2;25;45
41;2;25;46
41;2;25;47
41;2;25;48
41;2;25;49
41;2;25;5
41;2;25;50
41;2;25;51
41;2;25;52
41;2;25;53
41;2;25;54
41;2;25;55
41;2;25;56
41;2;25;57
41;2;25;58
41;2;25;59
41;2;25;6
41;2;25;60
41;2;25;61
41;2;25;62
41;2;25;63
41;2;25;64
41;2;25;7
41;2;25;8
41;2;25;9
42;2;29;1
42;2;29;10
42;2;29;11
42;2;29;12
42;2;29;13
42;2;29;14
42;2;29;15
42;2;29;16
42;2;29;17
42;2;29;18
42;2;29;19
42;2;29;2
42;2;29;20
42;2;29;21
42;2;29;22
42;2;29;23
42;2;29;24
42;2;29;25
42;2;29;26
42;2;29;27
42;2;29;28
42;2;29;29
42;2;29;3
42;2;29;30
42;2;29;31
42;2;29;32
42;2;29;33
42;2;29;34
42;2;29;35
42;2;29;36
42;2;29;37
42;2;29;38
42;2;29;39
42;2;29;4
42;2;29;40
42;2;29;41
42;2;29;42
42;2;29;43
42;2;29;44
42;2;29;45
42;2;29;46
42;2;29;47
42;2;29;48
42;2;29;49
42;2;29;5
42;2;29;50
42;2;29;51
42;2;29;52
42;2;29;53
42;2;29;54
42;2;29;55
42;2;29;56
42;2;29;57
42;2;29;58
42;2;29;59
42;2;29;6
42;2;29;60
42;2;29;61
42;2;29;62
42;2;29;63
42;2;29;64
42;2;29;65
42;2;29;66
42;2;29;67
42;2;29;68
42;2;29;69
42;2;29;7
42;2;29;70
42;2;29;71
42;2;29;72
42;2;29;73
42;2;29;74
42;2;29;75
42;2;29;76
42;2;29;77
42;2;29;78
42;2;29;79
42;2;29;8
42;2;29;80
42;2;29;81
42;2;29;82
42;2;29;83
42;2;29;84
42;2;29;85
42;2;29;86
42;2;29;87
42;2;29;88
42;2;29;89
42;2;29;9
42;2;29;90
43;1;29;1
43;1;29;10
43;1;29;11
43;1;29;12
43;1;29;13
43;1;29;14
43;1;29;15
43;1;29;16
43;1;29;17
43;1;29;18
43;1;29;19
43;1;29;2
43;1;29;20
43;1;29;21
43;1;29;22
43;1;29;23
43;1;29;24
43;1;29;25
43;1;29;26
43;1;29;27
43;1;29;28
43;1;29;29
43;1;29;3
43;1;29;30
43;1;29;31
43;1;29;32
43;1;29;33
43;1;29;34
43;1;29;35
43;1;29;36
43;1;29;37
43;1;29;38
43;1;29;39
43;1;29;4
43;1;29;40
43;1;29;41
43;1;29;42
43;1;29;43
43;1;29;44
43;1;29;45
43;1;29;46
43;1;29;47
43;1;29;48
43;1;29;49
43;1;29;5
43;1;29;50
43;1;29;51
43;1;29;52
43;1;29;53
43;1;29;54
43;1;29;55
43;1;29;56
43;1;29;57
43;1;29;58
43;1;29;59
43;1;29;6
43;1;29;60
43;1;29;61
43;1;29;7
43;1;29;8
43;1;29;9
44;1;31;1
44;1;31;10
44;1;31;11
44;1;31;12
44;1;31;13
44;1;31;14
44;1;31;15
44;1;31;16
44;1;31;17
44;1;31;18
44;1;31;19
44;1;31;2
44;1;31;20
44;1;31;21
44;1;31;22
44;1;31;23
44;1;31;24
44;1;31;25
44;1;31;26
44;1;31;27
44;1;31;28
44;1;31;29
44;1;31;3
44;1;31;30
44;1;31;31
44;1;31;32
44;1;31;33
44;1;31;34
44;1;31;35
44;1;31;36
44;1;31;37
44;1;31;38
44;1;31;39
44;1;31;4
44;1;31;40
44;1;31;41
44;1;31;42
44;1;31;43
44;1;31;44
44;1;31;45
44;1;31;46
44;1;31;47
44;1;31;48
44;1;31;49
44;1;31;5
44;1;31;50
44;1;31;51
44;1;31;52
44;1;31;53
44;1;31;54
44;1;31;55
44;1;31;56
44;1;31;57
44;1;31;58
44;1;31;59
44;1;31;6
44;1;31;60
44;1;31;61
44;1;31;62
44;1;31;63
44;1;31;64
44;1;31;65
44;1;31;66
44;1;31;7
44;1;31;8
44;1;31;9
45;2;28;1
45;2;28;10
45;2;28;11
45;2;28;12
45;2;28;13
45;2;28;14
45;2;28;15
45;2;28;16
45;2;28;17
45;2;28;18
45;2;28;19
45;2;28;2
45;2;28;20
45;2;28;21
45;2;28;22
45;2;28;23
45;2;28;24
45;2;28;25
45;2;28;26
45;2;28;27
45;2;28;28
45;2;28;29
45;2;28;3
45;2;28;30
45;2;28;31
45;2;28;32
45;2;28;33
45;2;28;34
45;2;28;35
45;2;28;36
45;2;28;37
45;2;28;38
45;2;28;39
45;2;28;4
45;2;28;40
45;2;28;41
45;2;28;42
45;2;28;43
45;2;28;44
45;2;28;45
45;2;28;46
45;2;28;47
45;2;28;48
45;2;28;49
45;2;28;5
45;2;28;50
45;2;28;51
45;2;28;52
45;2;28;53
45;2;28;54
45;2;28;55
45;2;28;56
45;2;28;57
45;2;28;58
45;2;28;59
45;2;28;6
45;2;28;7
45;2;28;8
45;2;28;9
46;1;39;1
46;1;39;10
46;1;39;11
46;1;39;12
46;1;39;13
46;1;39;14
46;1;39;15
46;1;39;16
46;1;39;17
46;1;39;18
46;1;39;19
46;1;39;2
46;1;39;20
46;1;39;21
46;1;39;22
46;1;39;23
46;1;39;24
46;1;39;25
46;1;39;26
46;1;39;27
46;1;39;28
46;1;39;29
46;1;39;3
46;1;39;30
46;1;39;31
46;1;39;32
46;1;39;33
46;1;39;34
46;1;39;35
46;1;39;36
46;1;39;37
46;1;39;38
46;1;39;39
46;1;39;4
46;1;39;40
46;1;39;41
46;1;39;42
46;1;39;43
46;1;39;44
46;1;39;45
46;1;39;46
46;1;39;47
46;1;39;48
46;1;39;49
46;1;39;5
46;1;39;50
46;1;39;51
46;1;39;52
46;1;39;53
46;1;39;54
46;1;39;55
46;1;39;56
46;1;39;57
46;1;39;58
46;1;39;59
46;1;39;6
46;1;39;60
46;1;39;61
46;1;39;62
46;1;39;63
46;1;39;64
46;1;39;65
46;1;39;66
46;1;39;67
46;1;39;68
46;1;39;69
46;1;39;7
46;1;39;70
46;1;39;71
46;1;39;72
46;1;39;73
46;1;39;74
46;1;39;75
46;1;39;76
46;1;39;77
46;1;39;78
46;1;39;79
46;1;39;8
46;1;39;80
46;1;39;81
46;1;39;82
46;1;39;9
47;1;26;1
47;1;26;10
47;1;26;11
47;1;26;12
47;1;26;13
47;1;26;14
47;1;26;15
47;1;26;16
47;1;26;17
47;1;26;18
47;1;26;19
47;1;26;2
47;1;26;20
47;1;26;21
47;1;26;22
47;1;26;23
47;1;26;24
47;1;26;25
47;1;26;26
47;1;26;27
47;1;26;28
47;1;26;29
47;1;26;3
47;1;26;30
47;1;26;31
47;1;26;32
47;1;26;33
47;1;26;34
47;1;26;35
47;1;26;36
47;1;26;37
47;1;26;38
47;1;26;39
47;1;26;4
47;1;26;40
47;1;26;41
47;1;26;42
47;1;26;43
47;1;26;44
47;1;26;45
47;1;26;46
47;1;26;47
47;1;26;48
47;1;26;49
47;1;26;5
47;1;26;50
47;1;26;51
47;1;26;52
47;1;26;53
47;1;26;54
47;1;26;55
47;1;26;56
47;1;26;57
47;1;26;58
47;1;26;59
47;1;26;6
47;1;26;60
47;1;26;61
47;1;26;7
47;1;26;8
47;1;26;9
48;2;54;1
48;2;54;10
48;2;54;11
48;2;54;12
48;2;54;13
48;2;54;14
48;2;54;15
48;2;54;16
48;2;54;17
48;2;54;18
48;2;54;19
48;2;54;2
48;2;54;20
48;2;54;21
48;2;54;22
48;2;54;23
48;2;54;24
48;2;54;25
48;2;54;26
48;2;54;27
48;2;54;28
48;2;54;29
48;2;54;3
48;2;54;30
48;2;54;31
48;2;54;32
48;2;54;33
48;2;54;34
48;2;54;35
48;2;54;36
48;2;54;37
48;2;54;38
48;2;54;39
48;2;54;4
48;2;54;40
48;2;54;41
48;2;54;42
48;2;54;43
48;2;54;44
48;2;54;45
48;2;54;46
48;2;54;47
48;2;54;48
48;2;54;49
48;2;54;5
48;2;54;50
48;2;54;51
48;2;54;52
48;2;54;53
48;2;54;54
48;2;54;55
48;2;54;56
48;2;54;57
48;2;54;58
48;2;54;59
48;2;54;6
48;2;54;60
48;2;54;61
48;2;54;62
48;2;54;63
48;2;54;64
48;2;54;65
48;2;54;66
48;2;54;67
48;2;54;68
48;2;54;69
48;2;54;7
48;2;54;70
48;2;54;71
48;2;54;72
48;2;54;8
48;2;54;9
49;1;50;1
49;1;50;10
49;1;50;11
49;1;50;12
49;1;50;13
49;1;50;14
49;1;50;15
49;1;50;16
49;1;50;17
49;1;50;18
49;1;50;19
49;1;50;2
49;1;50;20
49;1;50;21
49;1;50;22
49;1;50;23
49;1;50;24
49;1;50;25
49;1;50;26
49;1;50;27
49;1;50;28
49;1;50;29
49;1;50;3
49;1;50;30
49;1;50;31
49;1;50;32
49;1;50;33
49;1;50;34
49;1;50;35
49;1;50;36
49;1;50;37
49;1;50;38
49;1;50;39
49;1;50;4
49;1;50;40
49;1;50;41
49;1;50;42
49;1;50;43
49;1;50;44
49;1;50;45
49;1;50;46
49;1;50;47
49;1;50;48
49;1;50;49
49;1;50;5
49;1;50;50
49;1;50;51
49;1;50;52
49;1;50;53
49;1;50;54
49;1;50;55
49;1;50;56
49;1;50;57
49;1;50;58
49;1;50;59
49;1;50;6
49;1;50;60
49;1;50;61
49;1;50;62
49;1;50;63
49;1;50;64
49;1;50;65
49;1;50;66
49;1;50;67
49;1;50;68
49;1;50;69
49;1;50;7
49;1;50;70
49;1;50;71
49;1;50;72
49;1;50;73
49;1;50;74
49;1;50;75
49;1;50;76
49;1;50;77
49;1;50;78
49;1;50;79
49;1;50;8
49;1;50;80
49;1;50;81
49;1;50;82
49;1;50;83
49;1;50;84
49;1;50;85
49;1;50;86
49;1;50;87
49;1;50;88
49;1;50;89
49;1;50;9
49;1;50;90
49;1;50;91
4;1;38;1
4;1;38;10
4;1;38;11
4;1;38;12
4;1;38;13
4;1;38;14
4;1;38;15
4;1;38;16
4;1;38;17
4;1;38;18
4;1;38;19
4;1;38;2
4;1;38;20
4;1;38;21
4;1;38;22
4;1;38;23
4;1;38;24
4;1;38;25
4;1;38;26
4;1;38;27
4;1;38;28
4;1;38;29
4;1;38;3
4;1;38;30
4;1;38;31
4;1;38;32
4;1;38;33
4;1;38;34
4;1;38;35
4;1;38;36
4;1;38;37
4;1;38;38
4;1;38;39
4;1;38;4
4;1;38;40
4;1;38;41
4;1;38;5
4;1;38;6
4;1;38;7
4;1;38;8
4;1;38;9
50;1;55;1
50;1;55;10
50;1;55;11
50;1;55;12
50;1;55;13
50;1;55;14
50;1;55;15
50;1;55;16
50;1;55;17
50;1;55;18
50;1;55;19
50;1;55;2
50;1;55;20
50;1;55;21
50;1;55;22
50;1;55;23
50;1;55;24
50;1;55;25
50;1;55;26
50;1;55;27
50;1;55;28
50;1;55;29
50;1;55;3
50;1;55;30
50;1;55;31
50;1;55;32
50;1;55;33
50;1;55;34
50;1;55;35
50;1;55;36
50;1;55;37
50;1;55;38
50;1;55;39
50;1;55;4
50;1;55;40
50;1;55;41
50;1;55;42
50;1;55;43
50;1;55;44
50;1;55;45
50;1;55;46
50;1;55;47
50;1;55;48
50;1;55;49
50;1;55;5
50;1;55;50
50;1;55;51
50;1;55;52
50;1;55;53
50;1;55;54
50;1;55;6
50;1;55;7
50;1;55;8
50;1;55;9
51;2;10;1
51;2;10;10
51;2;10;11
51;2;10;12
51;2;10;13
51;2;10;14
51;2;10;15
51;2;10;16
51;2;10;17
51;2;10;18
51;2;10;19
51;2;10;2
51;2;10;20
51;2;10;21
51;2;10;22
51;2;10;23
51;2;10;24
51;2;10;25
51;2;10;26
51;2;10;27
51;2;10;28
51;2;10;29
51;2;10;3
51;2;10;30
51;2;10;31
51;2;10;32
51;2;10;33
51;2;10;34
51;2;10;35
51;2;10;36
51;2;10;37
51;2;10;38
51;2;10;39
51;2;10;4
51;2;10;40
51;2;10;41
51;2;10;42
51;2;10;43
51;2;10;44
51;2;10;45
51;2;10;46
51;2;10;47
51;2;10;48
51;2;10;49
51;2;10;5
51;2;10;50
51;2;10;51
51;2;10;52
51;2;10;53
51;2;10;54
51;2;10;55
51;2;10;56
51;2;10;6
51;2;10;7
51;2;10;8
51;2;10;9
52;2;20;1
52;2;20;10
52;2;20;11
52;2;20;12
52;2;20;13
52;2;20;14
52;2;20;15
52;2;20;16
52;2;20;17
52;2;20;18
52;2;20;19
52;2;20;2
52;2;20;20
52;2;20;21
52;2;20;22
52;2;20;23
52;2;20;24
52;2;20;25
52;2;20;26
52;2;20;27
52;2;20;28
52;2;20;29
52;2;20;3
52;2;20;30
52;2;20;31
52;2;20;32
52;2;20;33
52;2;20;34
52;2;20;35
52;2;20;36
52;2;20;37
52;2;20;38
52;2;20;39
52;2;20;4
52;2;20;40
52;2;20;41
52;2;20;42
52;2;20;43
52;2;20;44
52;2;20;45
52;2;20;46
52;2;20;47
52;2;20;48
52;2;20;49
52;2;20;5
52;2;20;50
52;2;20;51
52;2;20;52
52;2;20;53
52;2;20;54
52;2;20;55
52;2;20;56
52;2;20;57
52;2;20;58
52;2;20;6
52;2;20;7
52;2;20;8
52;2;20;9
53;2;33;1
53;2;33;10
53;2;33;11
53;2;33;12
53;2;33;13
53;2;33;14
53;2;33;15
53;2;33;16
53;2;33;17
53;2;33;18
53;2;33;19
53;2;33;2
53;2;33;20
53;2;33;21
53;2;33;22
53;2;33;23
53;2;33;24
53;2;33;25
53;2;33;26
53;2;33;27
53;2;33;28
53;2;33;29
53;2;33;3
53;2;33;30
53;2;33;31
53;2;33;32
53;2;33;33
53;2;33;34
53;2;33;35
53;2;33;36
53;2;33;37
53;2;33;38
53;2;33;39
53;2;33;4
53;2;33;40
53;2;33;41
53;2;33;42
53;2;33;43
53;2;33;44
53;2;33;45
53;2;33;46
53;2;33;47
53;2;33;48
53;2;33;49
53;2;33;5
53;2;33;50
53;2;33;51
53;2;33;52
53;2;33;53
53;2;33;54
53;2;33;55
53;2;33;56
53;2;33;57
53;2;33;58
53;2;33;59
53;2;33;6
53;2;33;60
53;2;33;61
53;2;33;62
53;2;33;63
53;2;33;64
53;2;33;65
53;2;33;66
53;2;33;67
53;2;33;68
53;2;33;69
53;2;33;7
53;2;33;70
53;2;33;71
53;2;33;72
53;2;33;73
53;2;33;74
53;2;33;75
53;2;33;8
53;2;33;9
54;2;54;1
54;2;54;10
54;2;54;11
54;2;54;12
54;2;54;13
54;2;54;14
54;2;54;15
54;2;54;16
54;2;54;17
54;2;54;18
54;2;54;19
54;2;54;2
54;2;54;20
54;2;54;21
54;2;54;22
54;2;54;23
54;2;54;24
54;2;54;25
54;2;54;26
54;2;54;27
54;2;54;28
54;2;54;29
54;2;54;3
54;2;54;30
54;2;54;31
54;2;54;32
54;2;54;33
54;2;54;34
54;2;54;35
54;2;54;36
54;2;54;37
54;2;54;38
54;2;54;39
54;2;54;4
54;2;54;40
54;2;54;41
54;2;54;42
54;2;54;43
54;2;54;44
54;2;54;45
54;2;54;46
54;2;54;47
54;2;54;48
54;2;54;49
54;2;54;5
54;2;54;50
54;2;54;51
54;2;54;52
54;2;54;53
54;2;54;54
54;2;54;55
54;2;54;56
54;2;54;57
54;2;54;58
54;2;54;59
54;2;54;6
54;2;54;60
54;2;54;61
54;2;54;7
54;2;54;8
54;2;54;9
55;1;31;1
55;1;31;10
55;1;31;11
55;1;31;12
55;1;31;13
55;1;31;14
55;1;31;15
55;1;31;16
55;1;31;17
55;1;31;18
55;1;31;19
55;1;31;2
55;1;31;20
55;1;31;21
55;1;31;22
55;1;31;23
55;1;31;24
55;1;31;25
55;1;31;26
55;1;31;27
55;1;31;28
55;1;31;29
55;1;31;3
55;1;31;30
55;1;31;31
55;1;31;32
55;1;31;33
55;1;31;34
55;1;31;35
55;1;31;36
55;1;31;37
55;1;31;38
55;1;31;39
55;1;31;4
55;1;31;40
55;1;31;41
55;1;31;42
55;1;31;43
55;1;31;44
55;1;31;45
55;1;31;46
55;1;31;47
55;1;31;48
55;1;31;49
55;1;31;5
55;1;31;50
55;1;31;51
55;1;31;52
55;1;31;53
55;1;31;54
55;1;31;55
55;1;31;56
55;1;31;6
55;1;31;7
55;1;31;8
55;1;31;9
56;1;52;1
56;1;52;10
56;1;52;11
56;1;52;12
56;1;52;13
56;1;52;14
56;1;52;15
56;1;52;16
56;1;52;17
56;1;52;18
56;1;52;19
56;1;52;2
56;1;52;20
56;1;52;21
56;1;52;22
56;1;52;23
56;1;52;24
56;1;52;25
56;1;52;26
56;1;52;27
56;1;52;28
56;1;52;29
56;1;52;3
56;1;52;30
56;1;52;31
56;1;52;32
56;1;52;33
56;1;52;34
56;1;52;35
56;1;52;36
56;1;52;37
56;1;52;38
56;1;52;39
56;1;52;4
56;1;52;40
56;1;52;41
56;1;52;42
56;1;52;43
56;1;52;44
56;1;52;45
56;1;52;46
56;1;52;47
56;1;52;48
56;1;52;49
56;1;52;5
56;1;52;50
56;1;52;51
56;1;52;52
56;1;52;53
56;1;52;54
56;1;52;55
56;1;52;56
56;1;52;57
56;1;52;58
56;1;52;59
56;1;52;6
56;1;52;60
56;1;52;61
56;1;52;62
56;1;52;63
56;1;52;64
56;1;52;65
56;1;52;66
56;1;52;67
56;1;52;68
56;1;52;69
56;1;52;7
56;1;52;70
56;1;52;71
56;1;52;72
56;1;52;73
56;1;52;74
56;1;52;75
56;1;52;76
56;1;52;8
56;1;52;9
57;2;48;1
57;2;48;10
57;2;48;11
57;2;48;12
57;2;48;13
57;2;48;14
57;2;48;15
57;2;48;16
57;2;48;17
57;2;48;18
57;2;48;19
57;2;48;2
57;2;48;20
57;2;48;21
57;2;48;22
57;2;48;23
57;2;48;24
57;2;48;25
57;2;48;26
57;2;48;27
57;2;48;28
57;2;48;29
57;2;48;3
57;2;48;30
57;2;48;31
57;2;48;32
57;2;48;33
57;2;48;34
57;2;48;35
57;2;48;36
57;2;48;37
57;2;48;38
57;2;48;39
57;2;48;4
57;2;48;40
57;2;48;41
57;2;48;42
57;2;48;43
57;2;48;44
57;2;48;45
57;2;48;46
57;2;48;47
57;2;48;48
57;2;48;49
57;2;48;5
57;2;48;50
57;2;48;51
57;2;48;52
57;2;48;53
57;2;48;54
57;2;48;55
57;2;48;56
57;2;48;57
57;2;48;58
57;2;48;59
57;2;48;6
57;2;48;60
57;2;48;61
57;2;48;62
57;2;48;63
57;2;48;64
57;2;48;65
57;2;48;66
57;2;48;67
57;2;48;68
57;2;48;69
57;2;48;7
57;2;48;70
57;2;48;71
57;2;48;72
57;2;48;73
57;2;48;8
57;2;48;9
58;1;20;1
58;1;20;10
58;1;20;11
58;1;20;12
58;1;20;13
58;1;20;14
58;1;20;15
58;1;20;16
58;1;20;17
58;1;20;18
58;1;20;19
58;1;20;2
58;1;20;20
58;1;20;21
58;1;20;22
58;1;20;23
58;1;20;24
58;1;20;25
58;1;20;26
58;1;20;27
58;1;20;28
58;1;20;29
58;1;20;3
58;1;20;30
58;1;20;31
58;1;20;32
58;1;20;33
58;1;20;34
58;1;20;35
58;1;20;36
58;1;20;37
58;1;20;38
58;1;20;39
58;1;20;4
58;1;20;40
58;1;20;41
58;1;20;42
58;1;20;43
58;1;20;44
58;1;20;45
58;1;20;46
58;1;20;47
58;1;20;48
58;1;20;49
58;1;20;5
58;1;20;50
58;1;20;51
58;1;20;52
58;1;20;53
58;1;20;54
58;1;20;55
58;1;20;56
58;1;20;57
58;1;20;58
58;1;20;59
58;1;20;6
58;1;20;60
58;1;20;61
58;1;20;62
58;1;20;63
58;1;20;64
58;1;20;65
58;1;20;66
58;1;20;67
58;1;20;68
58;1;20;69
58;1;20;7
58;1;20;70
58;1;20;71
58;1;20;72
58;1;20;73
58;1;20;74
58;1;20;75
58;1;20;8
58;1;20;9
59;1;28;1
59;1;28;10
59;1;28;11
59;1;28;12
59;1;28;13
59;1;28;14
59;1;28;15
59;1;28;16
59;1;28;17
59;1;28;18
59;1;28;19
59;1;28;2
59;1;28;20
59;1;28;21
59;1;28;22
59;1;28;23
59;1;28;24
59;1;28;25
59;1;28;26
59;1;28;27
59;1;28;28
59;1;28;29
59;1;28;3
59;1;28;30
59;1;28;31
59;1;28;32
59;1;28;33
59;1;28;34
59;1;28;35
59;1;28;36
59;1;28;37
59;1;28;38
59;1;28;39
59;1;28;4
59;1;28;40
59;1;28;41
59;1;28;42
59;1;28;43
59;1;28;44
59;1;28;45
59;1;28;46
59;1;28;47
59;1;28;48
59;1;28;49
59;1;28;5
59;1;28;50
59;1;28;51
59;1;28;52
59;1;28;53
59;1;28;54
59;1;28;55
59;1;28;56
59;1;28;57
59;1;28;58
59;1;28;59
59;1;28;6
59;1;28;60
59;1;28;61
59;1;28;62
59;1;28;63
59;1;28;64
59;1;28;65
59;1;28;66
59;1;28;67
59;1;28;68
59;1;28;69
59;1;28;7
59;1;28;70
59;1;28;71
59;1;28;72
59;1;28;73
59;1;28;74
59;1;28;75
59;1;28;76
59;1;28;8
59;1;28;9
5;1;27;1
5;1;27;10
5;1;27;11
5;1;27;12
5;1;27;13
5;1;27;14
5;1;27;15
5;1;27;16
5;1;27;17
5;1;27;18
5;1;27;19
5;1;27;2
5;1;27;20
5;1;27;21
5;1;27;22
5;1;27;23
5;1;27;24
5;1;27;25
5;1;27;26
5;1;27;27
5;1;27;28
5;1;27;29
5;1;27;3
5;1;27;30
5;1;27;31
5;1;27;32
5;1;27;33
5;1;27;34
5;1;27;35
5;1;27;36
5;1;27;37
5;1;27;38
5;1;27;39
5;1;27;4
5;1;27;40
5;1;27;41
5;1;27;42
5;1;27;43
5;1;27;44
5;1;27;45
5;1;27;46
5;1;27;47
5;1;27;48
5;1;27;49
5;1;27;5
5;1;27;50
5;1;27;51
5;1;27;52
5;1;27;53
5;1;27;54
5;1;27;55
5;1;27;56
5;1;27;6
5;1;27;7
5;1;27;8
5;1;27;9
60;1;23;1
60;1;23;10
60;1;23;11
60;1;23;12
60;1;23;13
60;1;23;14
60;1;23;15
60;1;23;16
60;1;23;17
60;1;23;18
60;1;23;19
60;1;23;2
60;1;23;20
60;1;23;21
60;1;23;22
60;1;23;23
60;1;23;24
60;1;23;25
60;1;23;26
60;1;23;27
60;1;23;28
60;1;23;29
60;1;23;3
60;1;23;30
60;1;23;31
60;1;23;32
60;1;23;33
60;1;23;34
60;1;23;35
60;1;23;36
60;1;23;37
60;1;23;38
60;1;23;39
60;1;23;4
60;1;23;40
60;1;23;41
60;1;23;42
60;1;23;43
60;1;23;44
60;1;23;45
60;1;23;46
60;1;23;47
60;1;23;48
60;1;23;49
60;1;23;5
60;1;23;50
60;1;23;51
60;1;23;52
60;1;23;53
60;1;23;54
60;1;23;55
60;1;23;56
60;1;23;57
60;1;23;58
60;1;23;59
60;1;23;6
60;1;23;60
60;1;23;61
60;1;23;62
60;1;23;63
60;1;23;64
60;1;23;65
60;1;23;66
60;1;23;67
60;1;23;68
60;1;23;7
60;1;23;8
60;1;23;9
61;1;28;1
61;1;28;10
61;1;28;11
61;1;28;12
61;1;28;13
61;1;28;14
61;1;28;15
61;1;28;16
61;1;28;17
61;1;28;18
61;1;28;19
61;1;28;2
61;1;28;20
61;1;28;21
61;1;28;22
61;1;28;23
61;1;28;24
61;1;28;25
61;1;28;26
61;1;28;27
61;1;28;28
61;1;28;29
61;1;28;3
61;1;28;30
61;1;28;31
61;1;28;32
61;1;28;33
61;1;28;34
61;1;28;35
61;1;28;36
61;1;28;37
61;1;28;38
61;1;28;39
61;1;28;4
61;1;28;40
61;1;28;41
61;1;28;42
61;1;28;43
61;1;28;44
61;1;28;45
61;1;28;46
61;1;28;47
61;1;28;48
61;1;28;49
61;1;28;5
61;1;28;50
61;1;28;51
61;1;28;52
61;1;28;53
61;1;28;54
61;1;28;55
61;1;28;56
61;1;28;57
61;1;28;58
61;1;28;59
61;1;28;6
61;1;28;60
61;1;28;61
61;1;28;62
61;1;28;63
61;1;28;64
61;1;28;65
61;1;28;66
61;1;28;67
61;1;28;68
61;1;28;69
61;1;28;7
61;1;28;70
61;1;28;71
61;1;28;8
61;1;28;9
62;1;25;1
62;1;25;10
62;1;25;11
62;1;25;12
62;1;25;13
62;1;25;14
62;1;25;15
62;1;25;16
62;1;25;17
62;1;25;18
62;1;25;19
62;1;25;2
62;1;25;20
62;1;25;21
62;1;25;22
62;1;25;23
62;1;25;24
62;1;25;25
62;1;25;26
62;1;25;27
62;1;25;28
62;1;25;29
62;1;25;3
62;1;25;30
62;1;25;31
62;1;25;32
62;1;25;33
62;1;25;34
62;1;25;35
62;1;25;36
62;1;25;37
62;1;25;38
62;1;25;39
62;1;25;4
62;1;25;40
62;1;25;41
62;1;25;42
62;1;25;43
62;1;25;44
62;1;25;45
62;1;25;46
62;1;25;47
62;1;25;48
62;1;25;49
62;1;25;5
62;1;25;50
62;1;25;51
62;1;25;52
62;1;25;53
62;1;25;54
62;1;25;55
62;1;25;56
62;1;25;57
62;1;25;58
62;1;25;59
62;1;25;6
62;1;25;60
62;1;25;61
62;1;25;62
62;1;25;63
62;1;25;64
62;1;25;65
62;1;25;66
62;1;25;67
62;1;25;68
62;1;25;69
62;1;25;7
62;1;25;70
62;1;25;71
62;1;25;72
62;1;25;73
62;1;25;74
62;1;25;75
62;1;25;76
62;1;25;77
62;1;25;78
62;1;25;79
62;1;25;8
62;1;25;80
62;1;25;81
62;1;25;82
62;1;25;9
63;1;28;1
63;1;28;10
63;1;28;11
63;1;28;12
63;1;28;13
63;1;28;14
63;1;28;15
63;1;28;16
63;1;28;17
63;1;28;18
63;1;28;19
63;1;28;2
63;1;28;20
63;1;28;21
63;1;28;22
63;1;28;23
63;1;28;24
63;1;28;25
63;1;28;26
63;1;28;27
63;1;28;28
63;1;28;29
63;1;28;3
63;1;28;30
63;1;28;31
63;1;28;32
63;1;28;33
63;1;28;34
63;1;28;35
63;1;28;36
63;1;28;37
63;1;28;38
63;1;28;39
63;1;28;4
63;1;28;40
63;1;28;41
63;1;28;42
63;1;28;43
63;1;28;44
63;1;28;45
63;1;28;46
63;1;28;47
63;1;28;48
63;1;28;49
63;1;28;5
63;1;28;50
63;1;28;51
63;1;28;52
63;1;28;53
63;1;28;54
63;1;28;55
63;1;28;56
63;1;28;57
63;1;28;58
63;1;28;59
63;1;28;6
63;1;28;60
63;1;28;61
63;1;28;62
63;1;28;63
63;1;28;64
63;1;28;65
63;1;28;66
63;1;28;67
63;1;28;68
63;1;28;69
63;1;28;7
63;1;28;70
63;1;28;71
63;1;28;8
63;1;28;9
64;2;31;1
64;2;31;10
64;2;31;11
64;2;31;12
64;2;31;13
64;2;31;14
64;2;31;15
64;2;31;16
64;2;31;17
64;2;31;18
64;2;31;19
64;2;31;2
64;2;31;20
64;2;31;21
64;2;31;22
64;2;31;23
64;2;31;24
64;2;31;25
64;2;31;26
64;2;31;27
64;2;31;28
64;2;31;29
64;2;31;3
64;2;31;30
64;2;31;31
64;2;31;32
64;2;31;33
64;2;31;34
64;2;31;35
64;2;31;36
64;2;31;37
64;2;31;38
64;2;31;39
64;2;31;4
64;2;31;40
64;2;31;41
64;2;31;42
64;2;31;43
64;2;31;44
64;2;31;45
64;2;31;46
64;2;31;47
64;2;31;48
64;2;31;49
64;2;31;5
64;2;31;50
64;2;31;51
64;2;31;52
64;2;31;53
64;2;31;54
64;2;31;55
64;2;31;56
64;2;31;57
64;2;31;58
64;2;31;59
64;2;31;6
64;2;31;60
64;2;31;61
64;2;31;7
64;2;31;8
64;2;31;9
65;2;30;1
65;2;30;10
65;2;30;11
65;2;30;12
65;2;30;13
65;2;30;14
65;2;30;15
65;2;30;16
65;2;30;17
65;2;30;18
65;2;30;19
65;2;30;2
65;2;30;20
65;2;30;21
65;2;30;22
65;2;30;23
65;2;30;24
65;2;30;25
65;2;30;26
65;2;30;27
65;2;30;28
65;2;30;29
65;2;30;3
65;2;30;30
65;2;30;31
65;2;30;32
65;2;30;33
65;2;30;34
65;2;30;35
65;2;30;36
65;2;30;37
65;2;30;38
65;2;30;39
65;2;30;4
65;2;30;40
65;2;30;41
65;2;30;42
65;2;30;43
65;2;30;44
65;2;30;45
65;2;30;46
65;2;30;47
65;2;30;48
65;2;30;49
65;2;30;5
65;2;30;50
65;2;30;51
65;2;30;52
65;2;30;53
65;2;30;54
65;2;30;55
65;2;30;56
65;2;30;57
65;2;30;58
65;2;30;59
65;2;30;6
65;2;30;60
65;2;30;61
65;2;30;62
65;2;30;63
65;2;30;64
65;2;30;65
65;2;30;66
65;2;30;67
65;2;30;68
65;2;30;69
65;2;30;7
65;2;30;8
65;2;30;9
66;2;12;1
66;2;12;10
66;2;12;11
66;2;12;12
66;2;12;13
66;2;12;14
66;2;12;15
66;2;12;16
66;2;12;17
66;2;12;18
66;2;12;19
66;2;12;2
66;2;12;20
66;2;12;21
66;2;12;22
66;2;12;23
66;2;12;24
66;2;12;25
66;2;12;26
66;2;12;27
66;2;12;28
66;2;12;29
66;2;12;3
66;2;12;30
66;2;12;31
66;2;12;32
66;2;12;33
66;2;12;34
66;2;12;35
66;2;12;36
66;2;12;37
66;2;12;38
66;2;12;39
66;2;12;4
66;2;12;40
66;2;12;41
66;2;12;42
66;2;12;43
66;2;12;44
66;2;12;45
66;2;12;46
66;2;12;47
66;2;12;48
66;2;12;49
66;2;12;5
66;2;12;50
66;2;12;51
66;2;12;52
66;2;12;53
66;2;12;54
66;2;12;55
66;2;12;56
66;2;12;57
66;2;12;58
66;2;12;59
66;2;12;6
66;2;12;60
66;2;12;61
66;2;12;62
66;2;12;63
66;2;12;64
66;2;12;65
66;2;12;66
66;2;12;67
66;2;12;68
66;2;12;7
66;2;12;8
66;2;12;9
67;1;30;1
67;1;30;10
67;1;30;11
67;1;30;12
67;1;30;13
67;1;30;14
67;1;30;15
67;1;30;16
67;1;30;17
67;1;30;18
67;1;30;19
67;1;30;2
67;1;30;20
67;1;30;21
67;1;30;22
67;1;30;23
67;1;30;24
67;1;30;25
67;1;30;26
67;1;30;27
67;1;30;28
67;1;30;29
67;1;30;3
67;1;30;30
67;1;30;31
67;1;30;32
67;1;30;33
67;1;30;34
67;1;30;35
67;1;30;36
67;1;30;37
67;1;30;38
67;1;30;39
67;1;30;4
67;1;30;40
67;1;30;41
67;1;30;42
67;1;30;43
67;1;30;44
67;1;30;45
67;1;30;46
67;1;30;47
67;1;30;48
67;1;30;49
67;1;30;5
67;1;30;50
67;1;30;51
67;1;30;52
67;1;30;53
67;1;30;54
67;1;30;55
67;1;30;56
67;1;30;57
67;1;30;58
67;1;30;59
67;1;30;6
67;1;30;60
67;1;30;61
67;1;30;62
67;1;30;63
67;1;30;64
67;1;30;65
67;1;30;66
67;1;30;67
67;1;30;68
67;1;30;69
67;1;30;7
67;1;30;70
67;1;30;71
67;1;30;72
67;1;30;73
67;1;30;74
67;1;30;75
67;1;30;76
67;1;30;77
67;1;30;78
67;1;30;79
67;1;30;8
67;1;30;80
67;1;30;81
67;1;30;82
67;1;30;83
67;1;30;9
68;1;25;1
68;1;25;10
68;1;25;11
68;1;25;12
68;1;25;13
68;1;25;14
68;1;25;15
68;1;25;16
68;1;25;17
68;1;25;18
68;1;25;19
68;1;25;2
68;1;25;20
68;1;25;21
68;1;25;22
68;1;25;23
68;1;25;24
68;1;25;25
68;1;25;26
68;1;25;27
68;1;25;28
68;1;25;29
68;1;25;3
68;1;25;30
68;1;25;31
68;1;25;32
68;1;25;33
68;1;25;34
68;1;25;35
68;1;25;36
68;1;25;37
68;1;25;38
68;1;25;39
68;1;25;4
68;1;25;40
68;1;25;41
68;1;25;42
68;1;25;43
68;1;25;44
68;1;25;45
68;1;25;46
68;1;25;47
68;1;25;48
68;1;25;49
68;1;25;5
68;1;25;50
68;1;25;51
68;1;25;52
68;1;25;53
68;1;25;54
68;1;25;55
68;1;25;56
68;1;25;57
68;1;25;58
68;1;25;59
68;1;25;6
68;1;25;60
68;1;25;61
68;1;25;62
68;1;25;63
68;1;25;64
68;1;25;65
68;1;25;66
68;1;25;67
68;1;25;68
68;1;25;69
68;1;25;7
68;1;25;70
68;1;25;71
68;1;25;72
68;1;25;73
68;1;25;74
68;1;25;75
68;1;25;76
68;1;25;77
68;1;25;8
68;1;25;9
69;1;23;1
69;1;23;10
69;1;23;11
69;1;23;12
69;1;23;13
69;1;23;14
69;1;23;15
69;1;23;16
69;1;23;17
69;1;23;18
69;1;23;19
69;1;23;2
69;1;23;20
69;1;23;21
69;1;23;22
69;1;23;23
69;1;23;24
69;1;23;25
69;1;23;26
69;1;23;27
69;1;23;28
69;1;23;29
69;1;23;3
69;1;23;30
69;1;23;31
69;1;23;32
69;1;23;33
69;1;23;34
69;1;23;35
69;1;23;36
69;1;23;37
69;1;23;38
69;1;23;39
69;1;23;4
69;1;23;40
69;1;23;41
69;1;23;42
69;1;23;43
69;1;23;44
69;1;23;45
69;1;23;46
69;1;23;47
69;1;23;48
69;1;23;49
69;1;23;5
69;1;23;50
69;1;23;51
69;1;23;52
69;1;23;53
69;1;23;54
69;1;23;55
69;1;23;56
69;1;23;57
69;1;23;58
69;1;23;59
69;1;23;6
69;1;23;60
69;1;23;61
69;1;23;62
69;1;23;63
69;1;23;64
69;1;23;65
69;1;23;7
69;1;23;8
69;1;23;9
6;1;29;1
6;1;29;10
6;1;29;11
6;1;29;12
6;1;29;13
6;1;29;14
6;1;29;15
6;1;29;16
6;1;29;17
6;1;29;18
6;1;29;19
6;1;29;2
6;1;29;20
6;1;29;21
6;1;29;22
6;1;29;23
6;1;29;24
6;1;29;25
6;1;29;26
6;1;29;27
6;1;29;28
6;1;29;29
6;1;29;3
6;1;29;30
6;1;29;31
6;1;29;32
6;1;29;33
6;1;29;34
6;1;29;35
6;1;29;36
6;1;29;37
6;1;29;38
6;1;29;39
6;1;29;4
6;1;29;40
6;1;29;41
6;1;29;42
6;1;29;43
6;1;29;44
6;1;29;45
6;1;29;46
6;1;29;47
6;1;29;48
6;1;29;49
6;1;29;5
6;1;29;50
6;1;29;6
6;1;29;7
6;1;29;8
6;1;29;9
70;1;29;1
70;1;29;10
70;1;29;11
70;1;29;12
70;1;29;13
70;1;29;14
70;1;29;15
70;1;29;16
70;1;29;17
70;1;29;18
70;1;29;19
70;1;29;2
70;1;29;20
70;1;29;21
70;1;29;22
70;1;29;23
70;1;29;24
70;1;29;25
70;1;29;26
70;1;29;27
70;1;29;28
70;1;29;29
70;1;29;3
70;1;29;30
70;1;29;31
70;1;29;32
70;1;29;33
70;1;29;34
70;1;29;35
70;1;29;36
70;1;29;37
70;1;29;38
70;1;29;39
70;1;29;4
70;1;29;40
70;1;29;41
70;1;29;42
70;1;29;43
70;1;29;44
70;1;29;45
70;1;29;46
70;1;29;47
70;1;29;48
70;1;29;49
70;1;29;5
70;1;29;50
70;1;29;51
70;1;29;52
70;1;29;53
70;1;29;54
70;1;29;55
70;1;29;56
70;1;29;57
70;1;29;58
70;1;29;59
70;1;29;6
70;1;29;60
70;1;29;61
70;1;29;62
70;1;29;63
70;1;29;64
70;1;29;65
70;1;29;66
70;1;29;67
70;1;29;68
70;1;29;69
70;1;29;7
70;1;29;8
70;1;29;9
71;1;18;1
71;1;18;10
71;1;18;11
71;1;18;12
71;1;18;13
71;1;18;14
71;1;18;15
71;1;18;16
71;1;18;17
71;1;18;18
71;1;18;19
71;1;18;2
71;1;18;20
71;1;18;21
71;1;18;22
71;1;18;23
71;1;18;24
71;1;18;25
71;1;18;26
71;1;18;27
71;1;18;28
71;1;18;29
71;1;18;3
71;1;18;30
71;1;18;31
71;1;18;32
71;1;18;33
71;1;18;34
71;1;18;35
71;1;18;36
71;1;18;37
71;1;18;38
71;1;18;39
71;1;18;4
71;1;18;40
71;1;18;41
71;1;18;42
71;1;18;43
71;1;18;44
71;1;18;45
71;1;18;46
71;1;18;47
71;1;18;48
71;1;18;49
71;1;18;5
71;1;18;50
71;1;18;51
71;1;18;52
71;1;18;53
71;1;18;54
71;1;18;55
71;1;18;56
71;1;18;57
71;1;18;58
71;1;18;59
71;1;18;6
71;1;18;60
71;1;18;61
71;1;18;62
71;1;18;63
71;1;18;64
71;1;18;65
71;1;18;7
71;1;18;8
71;1;18;9
72;1;18;1
72;1;18;10
72;1;18;11
72;1;18;12
72;1;18;13
72;1;18;14
72;1;18;15
72;1;18;16
72;1;18;17
72;1;18;18
72;1;18;19
72;1;18;2
72;1;18;20
72;1;18;21
72;1;18;22
72;1;18;23
72;1;18;24
72;1;18;25
72;1;18;26
72;1;18;27
72;1;18;28
72;1;18;29
72;1;18;3
72;1;18;30
72;1;18;31
72;1;18;32
72;1;18;33
72;1;18;34
72;1;18;35
72;1;18;36
72;1;18;37
72;1;18;38
72;1;18;39
72;1;18;4
72;1;18;40
72;1;18;41
72;1;18;42
72;1;18;43
72;1;18;44
72;1;18;45
72;1;18;46
72;1;18;47
72;1;18;48
72;1;18;49
72;1;18;5
72;1;18;50
72;1;18;51
72;1;18;52
72;1;18;53
72;1;18;54
72;1;18;55
72;1;18;56
72;1;18;57
72;1;18;58
72;1;18;59
72;1;18;6
72;1;18;60
72;1;18;61
72;1;18;62
72;1;18;63
72;1;18;64
72;1;18;65
72;1;18;7
72;1;18;8
72;1;18;9
73;1;15;1
73;1;15;10
73;1;15;11
73;1;15;12
73;1;15;13
73;1;15;14
73;1;15;15
73;1;15;16
73;1;15;17
73;1;15;18
73;1;15;19
73;1;15;2
73;1;15;20
73;1;15;21
73;1;15;22
73;1;15;23
73;1;15;24
73;1;15;25
73;1;15;26
73;1;15;27
73;1;15;28
73;1;15;29
73;1;15;3
73;1;15;30
73;1;15;31
73;1;15;32
73;1;15;33
73;1;15;34
73;1;15;35
73;1;15;36
73;1;15;37
73;1;15;38
73;1;15;39
73;1;15;4
73;1;15;40
73;1;15;41
73;1;15;42
73;1;15;43
73;1;15;44
73;1;15;45
73;1;15;46
73;1;15;47
73;1;15;48
73;1;15;49
73;1;15;5
73;1;15;50
73;1;15;51
73;1;15;52
73;1;15;53
73;1;15;54
73;1;15;55
73;1;15;56
73;1;15;57
73;1;15;58
73;1;15;59
73;1;15;6
73;1;15;60
73;1;15;61
73;1;15;62
73;1;15;63
73;1;15;64
73;1;15;65
73;1;15;66
73;1;15;67
73;1;15;68
73;1;15;69
73;1;15;7
73;1;15;70
73;1;15;8
73;1;15;9
74;1;30;1
74;1;30;10
74;1;30;11
74;1;30;12
74;1;30;13
74;1;30;14
74;1;30;15
74;1;30;16
74;1;30;17
74;1;30;18
74;1;30;19
74;1;30;2
74;1;30;20
74;1;30;21
74;1;30;22
74;1;30;23
74;1;30;24
74;1;30;25
74;1;30;26
74;1;30;27
74;1;30;28
74;1;30;29
74;1;30;3
74;1;30;30
74;1;30;31
74;1;30;32
74;1;30;33
74;1;30;34
74;1;30;35
74;1;30;36
74;1;30;37
74;1;30;38
74;1;30;39
74;1;30;4
74;1;30;40
74;1;30;41
74;1;30;42
74;1;30;43
74;1;30;44
74;1;30;45
74;1;30;46
74;1;30;47
74;1;30;48
74;1;30;49
74;1;30;5
74;1;30;50
74;1;30;51
74;1;30;52
74;1;30;53
74;1;30;54
74;1;30;55
74;1;30;56
74;1;30;57
74;1;30;58
74;1;30;59
74;1;30;6
74;1;30;60
74;1;30;61
74;1;30;62
74;1;30;63
74;1;30;64
74;1;30;65
74;1;30;66
74;1;30;7
74;1;30;8
74;1;30;9
75;1;14;1
75;1;14;10
75;1;14;11
75;1;14;12
75;1;14;13
75;1;14;14
75;1;14;15
75;1;14;16
75;1;14;17
75;1;14;18
75;1;14;19
75;1;14;2
75;1;14;20
75;1;14;21
75;1;14;22
75;1;14;23
75;1;14;24
75;1;14;25
75;1;14;26
75;1;14;27
75;1;14;28
75;1;14;29
75;1;14;3
75;1;14;30
75;1;14;31
75;1;14;32
75;1;14;33
75;1;14;34
75;1;14;35
75;1;14;36
75;1;14;37
75;1;14;38
75;1;14;39
75;1;14;4
75;1;14;40
75;1;14;41
75;1;14;42
75;1;14;43
75;1;14;44
75;1;14;45
75;1;14;46
75;1;14;47
75;1;14;48
75;1;14;49
75;1;14;5
75;1;14;50
75;1;14;51
75;1;14;52
75;1;14;53
75;1;14;54
75;1;14;55
75;1;14;56
75;1;14;57
75;1;14;58
75;1;14;59
75;1;14;6
75;1;14;60
75;1;14;61
75;1;14;62
75;1;14;63
75;1;14;64
75;1;14;65
75;1;14;66
75;1;14;67
75;1;14;68
75;1;14;69
75;1;14;7
75;1;14;70
75;1;14;71
75;1;14;8
75;1;14;9
76;1;13;1
76;1;13;10
76;1;13;11
76;1;13;12
76;1;13;13
76;1;13;14
76;1;13;15
76;1;13;16
76;1;13;17
76;1;13;18
76;1;13;19
76;1;13;2
76;1;13;20
76;1;13;21
76;1;13;22
76;1;13;23
76;1;13;24
76;1;13;25
76;1;13;26
76;1;13;27
76;1;13;28
76;1;13;29
76;1;13;3
76;1;13;30
76;1;13;31
76;1;13;32
76;1;13;33
76;1;13;34
76;1;13;35
76;1;13;36
76;1;13;37
76;1;13;38
76;1;13;39
76;1;13;4
76;1;13;40
76;1;13;41
76;1;13;42
76;1;13;43
76;1;13;44
76;1;13;45
76;1;13;46
76;1;13;47
76;1;13;48
76;1;13;49
76;1;13;5
76;1;13;50
76;1;13;51
76;1;13;52
76;1;13;53
76;1;13;54
76;1;13;55
76;1;13;56
76;1;13;57
76;1;13;58
76;1;13;59
76;1;13;6
76;1;13;60
76;1;13;61
76;1;13;62
76;1;13;63
76;1;13;64
76;1;13;65
76;1;13;66
76;1;13;67
76;1;13;68
76;1;13;69
76;1;13;7
76;1;13;70
76;1;13;71
76;1;13;72
76;1;13;73
76;1;13;74
76;1;13;75
76;1;13;76
76;1;13;77
76;1;13;78
76;1;13;8
76;1;13;9
77;1;9;1
77;1;9;10
77;1;9;11
77;1;9;12
77;1;9;13
77;1;9;14
77;1;9;15
77;1;9;16
77;1;9;17
77;1;9;18
77;1;9;19
77;1;9;2
77;1;9;20
77;1;9;21
77;1;9;22
77;1;9;23
77;1;9;24
77;1;9;25
77;1;9;26
77;1;9;27
77;1;9;28
77;1;9;29
77;1;9;3
77;1;9;30
77;1;9;31
77;1;9;32
77;1;9;33
77;1;9;34
77;1;9;35
77;1;9;36
77;1;9;37
77;1;9;38
77;1;9;39
77;1;9;4
77;1;9;40
77;1;9;41
77;1;9;42
77;1;9;43
77;1;9;44
77;1;9;45
77;1;9;46
77;1;9;47
77;1;9;48
77;1;9;49
77;1;9;5
77;1;9;50
77;1;9;51
77;1;9;52
77;1;9;53
77;1;9;54
77;1;9;55
77;1;9;56
77;1;9;57
77;1;9;58
77;1;9;59
77;1;9;6
77;1;9;60
77;1;9;61
77;1;9;62
77;1;9;63
77;1;9;64
77;1;9;65
77;1;9;66
77;1;9;67
77;1;9;68
77;1;9;69
77;1;9;7
77;1;9;70
77;1;9;71
77;1;9;72
77;1;9;73
77;1;9;74
77;1;9;75
77;1;9;76
77;1;9;77
77;1;9;78
77;1;9;79
77;1;9;8
77;1;9;80
77;1;9;81
77;1;9;82
77;1;9;83
77;1;9;9
78;1;30;1
78;1;30;10
78;1;30;11
78;1;30;12
78;1;30;13
78;1;30;14
78;1;30;15
78;1;30;16
78;1;30;17
78;1;30;18
78;1;30;19
78;1;30;2
78;1;30;20
78;1;30;21
78;1;30;22
78;1;30;23
78;1;30;24
78;1;30;25
78;1;30;26
78;1;30;27
78;1;30;28
78;1;30;29
78;1;30;3
78;1;30;30
78;1;30;31
78;1;30;32
78;1;30;33
78;1;30;34
78;1;30;35
78;1;30;36
78;1;30;37
78;1;30;38
78;1;30;39
78;1;30;4
78;1;30;40
78;1;30;41
78;1;30;42
78;1;30;43
78;1;30;44
78;1;30;45
78;1;30;46
78;1;30;47
78;1;30;48
78;1;30;49
78;1;30;5
78;1;30;50
78;1;30;51
78;1;30;52
78;1;30;53
78;1;30;54
78;1;30;55
78;1;30;56
78;1;30;57
78;1;30;58
78;1;30;59
78;1;30;6
78;1;30;60
78;1;30;61
78;1;30;62
78;1;30;63
78;1;30;64
78;1;30;65
78;1;30;66
78;1;30;67
78;1;30;68
78;1;30;69
78;1;30;7
78;1;30;70
78;1;30;71
78;1;30;72
78;1;30;73
78;1;30;74
78;1;30;75
78;1;30;76
78;1;30;77
78;1;30;78
78;1;30;79
78;1;30;8
78;1;30;80
78;1;30;81
78;1;30;9
79;1;13;1
79;1;13;10
79;1;13;11
79;1;13;12
79;1;13;13
79;1;13;14
79;1;13;15
79;1;13;16
79;1;13;17
79;1;13;18
79;1;13;19
79;1;13;2
79;1;13;20
79;1;13;21
79;1;13;22
79;1;13;23
79;1;13;24
79;1;13;25
79;1;13;26
79;1;13;27
79;1;13;28
79;1;13;29
79;1;13;3
79;1;13;30
79;1;13;31
79;1;13;32
79;1;13;33
79;1;13;34
79;1;13;35
79;1;13;36
79;1;13;37
79;1;13;38
79;1;13;39
79;1;13;4
79;1;13;40
79;1;13;41
79;1;13;42
79;1;13;43
79;1;13;44
79;1;13;45
79;1;13;46
79;1;13;47
79;1;13;48
79;1;13;49
79;1;13;5
79;1;13;50
79;1;13;51
79;1;13;52
79;1;13;53
79;1;13;54
79;1;13;55
79;1;13;56
79;1;13;57
79;1;13;58
79;1;13;59
79;1;13;6
79;1;13;60
79;1;13;61
79;1;13;62
79;1;13;63
79;1;13;64
79;1;13;65
79;1;13;66
79;1;13;67
79;1;13;68
79;1;13;69
79;1;13;7
79;1;13;70
79;1;13;71
79;1;13;72
79;1;13;73
79;1;13;74
79;1;13;75
79;1;13;76
79;1;13;77
79;1;13;78
79;1;13;79
79;1;13;8
79;1;13;80
79;1;13;81
79;1;13;82
79;1;13;83
79;1;13;84
79;1;13;85
79;1;13;9
7;1;29;1
7;1;29;10
7;1;29;11
7;1;29;12
7;1;29;13
7;1;29;14
7;1;29;15
7;1;29;16
7;1;29;17
7;1;29;18
7;1;29;19
7;1;29;2
7;1;29;20
7;1;29;21
7;1;29;22
7;1;29;23
7;1;29;24
7;1;29;25
7;1;29;26
7;1;29;27
7;1;29;28
7;1;29;29
7;1;29;3
7;1;29;30
7;1;29;31
7;1;29;32
7;1;29;33
7;1;29;34
7;1;29;35
7;1;29;36
7;1;29;37
7;1;29;38
7;1;29;39
7;1;29;4
7;1;29;40
7;1;29;41
7;1;29;42
7;1;29;43
7;1;29;44
7;1;29;45
7;1;29;46
7;1;29;47
7;1;29;48
7;1;29;49
7;1;29;5
7;1;29;50
7;1;29;51
7;1;29;52
7;1;29;53
7;1;29;54
7;1;29;55
7;1;29;6
7;1;29;7
7;1;29;8
7;1;29;9
80;1;15;1
80;1;15;10
80;1;15;11
80;1;15;12
80;1;15;13
80;1;15;14
80;1;15;15
80;1;15;16
80;1;15;17
80;1;15;18
80;1;15;19
80;1;15;2
80;1;15;20
80;1;15;21
80;1;15;22
80;1;15;23
80;1;15;24
80;1;15;25
80;1;15;26
80;1;15;27
80;1;15;28
80;1;15;29
80;1;15;3
80;1;15;30
80;1;15;31
80;1;15;32
80;1;15;33
80;1;15;34
80;1;15;35
80;1;15;36
80;1;15;37
80;1;15;38
80;1;15;39
80;1;15;4
80;1;15;40
80;1;15;41
80;1;15;42
80;1;15;43
80;1;15;44
80;1;15;45
80;1;15;46
80;1;15;47
80;1;15;48
80;1;15;49
80;1;15;5
80;1;15;50
80;1;15;51
80;1;15;52
80;1;15;53
80;1;15;54
80;1;15;55
80;1;15;56
80;1;15;57
80;1;15;58
80;1;15;59
80;1;15;6
80;1;15;60
80;1;15;61
80;1;15;62
80;1;15;63
80;1;15;64
80;1;15;65
80;1;15;7
80;1;15;8
80;1;15;9
81;1;13;1
81;1;13;10
81;1;13;11
81;1;13;12
81;1;13;13
81;1;13;14
81;1;13;15
81;1;13;16
81;1;13;17
81;1;13;18
81;1;13;19
81;1;13;2
81;1;13;20
81;1;13;21
81;1;13;22
81;1;13;23
81;1;13;24
81;1;13;25
81;1;13;26
81;1;13;27
81;1;13;28
81;1;13;29
81;1;13;3
81;1;13;30
81;1;13;31
81;1;13;32
81;1;13;33
81;1;13;34
81;1;13;35
81;1;13;36
81;1;13;37
81;1;13;38
81;1;13;39
81;1;13;4
81;1;13;40
81;1;13;41
81;1;13;42
81;1;13;43
81;1;13;44
81;1;13;45
81;1;13;46
81;1;13;47
81;1;13;48
81;1;13;49
81;1;13;5
81;1;13;50
81;1;13;51
81;1;13;52
81;1;13;53
81;1;13;54
81;1;13;55
81;1;13;56
81;1;13;57
81;1;13;58
81;1;13;59
81;1;13;6
81;1;13;60
81;1;13;61
81;1;13;62
81;1;13;63
81;1;13;64
81;1;13;65
81;1;13;7
81;1;13;8
81;1;13;9
82;1;17;1
82;1;17;10
82;1;17;11
82;1;17;12
82;1;17;13
82;1;17;14
82;1;17;15
82;1;17;16
82;1;17;17
82;1;17;18
82;1;17;19
82;1;17;2
82;1;17;20
82;1;17;21
82;1;17;22
82;1;17;23
82;1;17;24
82;1;17;25
82;1;17;26
82;1;17;27
82;1;17;28
82;1;17;29
82;1;17;3
82;1;17;30
82;1;17;31
82;1;17;32
82;1;17;33
82;1;17;34
82;1;17;35
82;1;17;36
82;1;17;37
82;1;17;38
82;1;17;39
82;1;17;4
82;1;17;40
82;1;17;41
82;1;17;42
82;1;17;43
82;1;17;44
82;1;17;45
82;1;17;46
82;1;17;47
82;1;17;48
82;1;17;49
82;1;17;5
82;1;17;50
82;1;17;51
82;1;17;52
82;1;17;53
82;1;17;54
82;1;17;55
82;1;17;56
82;1;17;57
82;1;17;58
82;1;17;59
82;1;17;6
82;1;17;60
82;1;17;61
82;1;17;62
82;1;17;63
82;1;17;64
82;1;17;7
82;1;17;8
82;1;17;9
83;1;20;1
83;1;20;10
83;1;20;11
83;1;20;12
83;1;20;13
83;1;20;14
83;1;20;15
83;1;20;16
83;1;20;17
83;1;20;18
83;1;20;19
83;1;20;2
83;1;20;20
83;1;20;21
83;1;20;22
83;1;20;23
83;1;20;24
83;1;20;25
83;1;20;26
83;1;20;27
83;1;20;28
83;1;20;29
83;1;20;3
83;1;20;30
83;1;20;31
83;1;20;32
83;1;20;33
83;1;20;34
83;1;20;35
83;1;20;36
83;1;20;37
83;1;20;38
83;1;20;39
83;1;20;4
83;1;20;40
83;1;20;41
83;1;20;42
83;1;20;43
83;1;20;44
83;1;20;45
83;1;20;46
83;1;20;47
83;1;20;48
83;1;20;49
83;1;20;5
83;1;20;50
83;1;20;51
83;1;20;52
83;1;20;53
83;1;20;54
83;1;20;55
83;1;20;56
83;1;20;57
83;1;20;58
83;1;20;59
83;1;20;6
83;1;20;60
83;1;20;61
83;1;20;62
83;1;20;63
83;1;20;64
83;1;20;65
83;1;20;66
83;1;20;67
83;1;20;7
83;1;20;8
83;1;20;9
84;1;41;1
84;1;41;10
84;1;41;11
84;1;41;12
84;1;41;13
84;1;41;14
84;1;41;15
84;1;41;16
84;1;41;17
84;1;41;18
84;1;41;19
84;1;41;2
84;1;41;20
84;1;41;21
84;1;41;22
84;1;41;23
84;1;41;24
84;1;41;25
84;1;41;26
84;1;41;27
84;1;41;28
84;1;41;29
84;1;41;3
84;1;41;30
84;1;41;31
84;1;41;32
84;1;41;33
84;1;41;34
84;1;41;35
84;1;41;36
84;1;41;37
84;1;41;38
84;1;41;39
84;1;41;4
84;1;41;40
84;1;41;41
84;1;41;42
84;1;41;43
84;1;41;44
84;1;41;45
84;1;41;46
84;1;41;47
84;1;41;48
84;1;41;49
84;1;41;5
84;1;41;50
84;1;41;51
84;1;41;52
84;1;41;53
84;1;41;54
84;1;41;55
84;1;41;56
84;1;41;57
84;1;41;58
84;1;41;59
84;1;41;6
84;1;41;60
84;1;41;61
84;1;41;62
84;1;41;63
84;1;41;64
84;1;41;65
84;1;41;66
84;1;41;67
84;1;41;68
84;1;41;69
84;1;41;7
84;1;41;70
84;1;41;8
84;1;41;9
85;1;24;1
85;1;24;10
85;1;24;11
85;1;24;12
85;1;24;13
85;1;24;14
85;1;24;15
85;1;24;16
85;1;24;17
85;1;24;18
85;1;24;19
85;1;24;2
85;1;24;20
85;1;24;21
85;1;24;22
85;1;24;23
85;1;24;24
85;1;24;25
85;1;24;26
85;1;24;27
85;1;24;28
85;1;24;29
85;1;24;3
85;1;24;30
85;1;24;31
85;1;24;32
85;1;24;33
85;1;24;34
85;1;24;35
85;1;24;36
85;1;24;37
85;1;24;38
85;1;24;39
85;1;24;4
85;1;24;40
85;1;24;41
85;1;24;42
85;1;24;43
85;1;24;44
85;1;24;45
85;1;24;46
85;1;24;47
85;1;24;48
85;1;24;49
85;1;24;5
85;1;24;50
85;1;24;51
85;1;24;52
85;1;24;53
85;1;24;54
85;1;24;55
85;1;24;56
85;1;24;57
85;1;24;58
85;1;24;59
85;1;24;6
85;1;24;60
85;1;24;61
85;1;24;62
85;1;24;63
85;1;24;64
85;1;24;7
85;1;24;8
85;1;24;9
86;1;22;1
86;1;22;10
86;1;22;11
86;1;22;12
86;1;22;13
86;1;22;14
86;1;22;15
86;1;22;16
86;1;22;17
86;1;22;18
86;1;22;19
86;1;22;2
86;1;22;20
86;1;22;21
86;1;22;22
86;1;22;23
86;1;22;24
86;1;22;25
86;1;22;26
86;1;22;27
86;1;22;28
86;1;22;29
86;1;22;3
86;1;22;30
86;1;22;31
86;1;22;32
86;1;22;33
86;1;22;34
86;1;22;35
86;1;22;36
86;1;22;37
86;1;22;38
86;1;22;39
86;1;22;4
86;1;22;40
86;1;22;41
86;1;22;42
86;1;22;43
86;1;22;44
86;1;22;45
86;1;22;46
86;1;22;47
86;1;22;48
86;1;22;49
86;1;22;5
86;1;22;50
86;1;22;51
86;1;22;52
86;1;22;53
86;1;22;6
86;1;22;7
86;1;22;8
86;1;22;9
87;1;25;1
87;1;25;10
87;1;25;11
87;1;25;12
87;1;25;13
87;1;25;14
87;1;25;15
87;1;25;16
87;1;25;17
87;1;25;18
87;1;25;19
87;1;25;2
87;1;25;20
87;1;25;21
87;1;25;22
87;1;25;23
87;1;25;24
87;1;25;25
87;1;25;26
87;1;25;27
87;1;25;28
87;1;25;29
87;1;25;3
87;1;25;30
87;1;25;31
87;1;25;32
87;1;25;33
87;1;25;34
87;1;25;35
87;1;25;36
87;1;25;37
87;1;25;38
87;1;25;39
87;1;25;4
87;1;25;40
87;1;25;41
87;1;25;42
87;1;25;43
87;1;25;44
87;1;25;45
87;1;25;46
87;1;25;47
87;1;25;48
87;1;25;49
87;1;25;5
87;1;25;50
87;1;25;51
87;1;25;52
87;1;25;53
87;1;25;54
87;1;25;55
87;1;25;6
87;1;25;7
87;1;25;8
87;1;25;9
88;1;16;1
88;1;16;10
88;1;16;11
88;1;16;12
88;1;16;13
88;1;16;14
88;1;16;15
88;1;16;16
88;1;16;17
88;1;16;18
88;1;16;19
88;1;16;2
88;1;16;20
88;1;16;21
88;1;16;22
88;1;16;23
88;1;16;24
88;1;16;25
88;1;16;26
88;1;16;27
88;1;16;28
88;1;16;29
88;1;16;3
88;1;16;30
88;1;16;31
88;1;16;32
88;1;16;33
88;1;16;34
88;1;16;35
88;1;16;36
88;1;16;37
88;1;16;38
88;1;16;39
88;1;16;4
88;1;16;40
88;1;16;41
88;1;16;42
88;1;16;43
88;1;16;44
88;1;16;45
88;1;16;46
88;1;16;47
88;1;16;48
88;1;16;49
88;1;16;5
88;1;16;50
88;1;16;51
88;1;16;52
88;1;16;53
88;1;16;54
88;1;16;55
88;1;16;56
88;1;16;57
88;1;16;58
88;1;16;59
88;1;16;6
88;1;16;60
88;1;16;61
88;1;16;62
88;1;16;63
88;1;16;64
88;1;16;65
88;1;16;66
88;1;16;67
88;1;16;68
88;1;16;69
88;1;16;7
88;1;16;70
88;1;16;71
88;1;16;72
88;1;16;73
88;1;16;8
88;1;16;9
89;1;18;1
89;1;18;10
89;1;18;11
89;1;18;12
89;1;18;13
89;1;18;14
89;1;18;15
89;1;18;16
89;1;18;17
89;1;18;18
89;1;18;19
89;1;18;2
89;1;18;20
89;1;18;21
89;1;18;22
89;1;18;23
89;1;18;24
89;1;18;25
89;1;18;26
89;1;18;27
89;1;18;28
89;1;18;29
89;1;18;3
89;1;18;30
89;1;18;31
89;1;18;32
89;1;18;33
89;1;18;34
89;1;18;35
89;1;18;36
89;1;18;37
89;1;18;38
89;1;18;39
89;1;18;4
89;1;18;40
89;1;18;41
89;1;18;42
89;1;18;43
89;1;18;44
89;1;18;45
89;1;18;46
89;1;18;47
89;1;18;48
89;1;18;49
89;1;18;5
89;1;18;50
89;1;18;51
89;1;18;52
89;1;18;53
89;1;18;54
89;1;18;55
89;1;18;56
89;1;18;57
89;1;18;58
89;1;18;59
89;1;18;6
89;1;18;60
89;1;18;61
89;1;18;62
89;1;18;63
89;1;18;64
89;1;18;65
89;1;18;66
89;1;18;67
89;1;18;68
89;1;18;69
89;1;18;7
89;1;18;70
89;1;18;71
89;1;18;72
89;1;18;73
89;1;18;74
89;1;18;75
89;1;18;76
89;1;18;77
89;1;18;78
89;1;18;79
89;1;18;8
89;1;18;80
89;1;18;81
89;1;18;82
89;1;18;83
89;1;18;84
89;1;18;85
89;1;18;86
89;1;18;87
89;1;18;9
8;1;25;1
8;1;25;10
8;1;25;11
8;1;25;12
8;1;25;13
8;1;25;14
8;1;25;15
8;1;25;16
8;1;25;17
8;1;25;18
8;1;25;19
8;1;25;2
8;1;25;20
8;1;25;21
8;1;25;22
8;1;25;23
8;1;25;24
8;1;25;25
8;1;25;26
8;1;25;27
8;1;25;28
8;1;25;29
8;1;25;3
8;1;25;30
8;1;25;31
8;1;25;32
8;1;25;33
8;1;25;34
8;1;25;35
8;1;25;36
8;1;25;37
8;1;25;38
8;1;25;39
8;1;25;4
8;1;25;40
8;1;25;41
8;1;25;42
8;1;25;43
8;1;25;44
8;1;25;45
8;1;25;46
8;1;25;47
8;1;25;48
8;1;25;49
8;1;25;5
8;1;25;50
8;1;25;51
8;1;25;52
8;1;25;53
8;1;25;54
8;1;25;55
8;1;25;56
8;1;25;57
8;1;25;58
8;1;25;59
8;1;25;6
8;1;25;60
8;1;25;7
8;1;25;8
8;1;25;9
90;1;24;1
90;1;24;10
90;1;24;11
90;1;24;12
90;1;24;13
90;1;24;14
90;1;24;15
90;1;24;16
90;1;24;17
90;1;24;18
90;1;24;19
90;1;24;2
90;1;24;20
90;1;24;21
90;1;24;22
90;1;24;23
90;1;24;24
90;1;24;25
90;1;24;26
90;1;24;27
90;1;24;28
90;1;24;29
90;1;24;3
90;1;24;30
90;1;24;31
90;1;24;32
90;1;24;33
90;1;24;34
90;1;24;35
90;1;24;36
90;1;24;37
90;1;24;38
90;1;24;39
90;1;24;4
90;1;24;40
90;1;24;41
90;1;24;42
90;1;24;43
90;1;24;44
90;1;24;45
90;1;24;46
90;1;24;47
90;1;24;48
90;1;24;49
90;1;24;5
90;1;24;50
90;1;24;51
90;1;24;52
90;1;24;53
90;1;24;54
90;1;24;55
90;1;24;56
90;1;24;57
90;1;24;58
90;1;24;59
90;1;24;6
90;1;24;60
90;1;24;61
90;1;24;62
90;1;24;63
90;1;24;64
90;1;24;65
90;1;24;66
90;1;24;67
90;1;24;68
90;1;24;69
90;1;24;7
90;1;24;70
90;1;24;71
90;1;24;72
90;1;24;73
90;1;24;74
90;1;24;75
90;1;24;76
90;1;24;77
90;1;24;78
90;1;24;79
90;1;24;8
90;1;24;80
90;1;24;81
90;1;24;82
90;1;24;83
90;1;24;84
90;1;24;85
90;1;24;86
90;1;24;9
91;1;19;1
91;1;19;10
91;1;19;11
91;1;19;12
91;1;19;13
91;1;19;14
91;1;19;15
91;1;19;16
91;1;19;17
91;1;19;18
91;1;19;19
91;1;19;2
91;1;19;20
91;1;19;21
91;1;19;22
91;1;19;23
91;1;19;24
91;1;19;25
91;1;19;26
91;1;19;27
91;1;19;28
91;1;19;29
91;1;19;3
91;1;19;30
91;1;19;31
91;1;19;32
91;1;19;33
91;1;19;34
91;1;19;35
91;1;19;36
91;1;19;37
91;1;19;38
91;1;19;39
91;1;19;4
91;1;19;40
91;1;19;41
91;1;19;42
91;1;19;43
91;1;19;44
91;1;19;45
91;1;19;46
91;1;19;47
91;1;19;48
91;1;19;49
91;1;19;5
91;1;19;50
91;1;19;51
91;1;19;52
91;1;19;53
91;1;19;54
91;1;19;55
91;1;19;56
91;1;19;57
91;1;19;58
91;1;19;59
91;1;19;6
91;1;19;60
91;1;19;61
91;1;19;62
91;1;19;7
91;1;19;8
91;1;19;9
92;1;16;1
92;1;16;10
92;1;16;11
92;1;16;12
92;1;16;13
92;1;16;14
92;1;16;15
92;1;16;16
92;1;16;17
92;1;16;18
92;1;16;19
92;1;16;2
92;1;16;20
92;1;16;21
92;1;16;22
92;1;16;23
92;1;16;24
92;1;16;25
92;1;16;26
92;1;16;27
92;1;16;28
92;1;16;29
92;1;16;3
92;1;16;30
92;1;16;31
92;1;16;32
92;1;16;33
92;1;16;34
92;1;16;35
92;1;16;36
92;1;16;37
92;1;16;38
92;1;16;39
92;1;16;4
92;1;16;40
92;1;16;41
92;1;16;42
92;1;16;43
92;1;16;44
92;1;16;45
92;1;16;46
92;1;16;47
92;1;16;48
92;1;16;49
92;1;16;5
92;1;16;50
92;1;16;51
92;1;16;52
92;1;16;53
92;1;16;54
92;1;16;55
92;1;16;56
92;1;16;57
92;1;16;58
92;1;16;59
92;1;16;6
92;1;16;60
92;1;16;61
92;1;16;62
92;1;16;63
92;1;16;64
92;1;16;65
92;1;16;66
92;1;16;67
92;1;16;68
92;1;16;69
92;1;16;7
92;1;16;70
92;1;16;71
92;1;16;72
92;1;16;73
92;1;16;74
92;1;16;75
92;1;16;8
92;1;16;9
93;1;39;1
93;1;39;10
93;1;39;11
93;1;39;12
93;1;39;13
93;1;39;14
93;1;39;15
93;1;39;16
93;1;39;17
93;1;39;18
93;1;39;19
93;1;39;2
93;1;39;20
93;1;39;21
93;1;39;22
93;1;39;23
93;1;39;24
93;1;39;25
93;1;39;26
93;1;39;27
93;1;39;28
93;1;39;29
93;1;39;3
93;1;39;30
93;1;39;31
93;1;39;32
93;1;39;33
93;1;39;34
93;1;39;35
93;1;39;36
93;1;39;37
93;1;39;38
93;1;39;39
93;1;39;4
93;1;39;40
93;1;39;41
93;1;39;42
93;1;39;43
93;1;39;44
93;1;39;45
93;1;39;46
93;1;39;47
93;1;39;48
93;1;39;49
93;1;39;5
93;1;39;50
93;1;39;51
93;1;39;52
93;1;39;53
93;1;39;54
93;1;39;55
93;1;39;56
93;1;39;57
93;1;39;58
93;1;39;59
93;1;39;6
93;1;39;60
93;1;39;61
93;1;39;62
93;1;39;63
93;1;39;64
93;1;39;65
93;1;39;66
93;1;39;67
93;1;39;68
93;1;39;69
93;1;39;7
93;1;39;70
93;1;39;71
93;1;39;72
93;1;39;73
93;1;39;74
93;1;39;75
93;1;39;76
93;1;39;77
93;1;39;78
93;1;39;79
93;1;39;8
93;1;39;80
93;1;39;81
93;1;39;82
93;1;39;83
93;1;39;84
93;1;39;85
93;1;39;86
93;1;39;87
93;1;39;88
93;1;39;89
93;1;39;9
94;1;41;1
94;1;41;10
94;1;41;11
94;1;41;12
94;1;41;13
94;1;41;14
94;1;41;15
94;1;41;16
94;1;41;17
94;1;41;18
94;1;41;19
94;1;41;2
94;1;41;20
94;1;41;21
94;1;41;22
94;1;41;23
94;1;41;24
94;1;41;25
94;1;41;26
94;1;41;27
94;1;41;28
94;1;41;29
94;1;41;3
94;1;41;30
94;1;41;31
94;1;41;32
94;1;41;33
94;1;41;34
94;1;41;35
94;1;41;36
94;1;41;37
94;1;41;38
94;1;41;39
94;1;41;4
94;1;41;40
94;1;41;41
94;1;41;42
94;1;41;43
94;1;41;44
94;1;41;45
94;1;41;46
94;1;41;47
94;1;41;48
94;1;41;49
94;1;41;5
94;1;41;50
94;1;41;51
94;1;41;52
94;1;41;53
94;1;41;54
94;1;41;55
94;1;41;56
94;1;41;57
94;1;41;58
94;1;41;59
94;1;41;6
94;1;41;60
94;1;41;61
94;1;41;62
94;1;41;63
94;1;41;64
94;1;41;65
94;1;41;66
94;1;41;67
94;1;41;68
94;1;41;69
94;1;41;7
94;1;41;70
94;1;41;71
94;1;41;72
94;1;41;73
94;1;41;74
94;1;41;8
94;1;41;9
95;1;39;1
95;1;39;10
95;1;39;11
95;1;39;12
95;1;39;13
95;1;39;14
95;1;39;15
95;1;39;16
95;1;39;17
95;1;39;18
95;1;39;19
95;1;39;2
95;1;39;20
95;1;39;21
95;1;39;22
95;1;39;23
95;1;39;24
95;1;39;25
95;1;39;26
95;1;39;27
95;1;39;28
95;1;39;29
95;1;39;3
95;1;39;30
95;1;39;31
95;1;39;32
95;1;39;33
95;1;39;34
95;1;39;35
95;1;39;36
95;1;39;37
95;1;39;38
95;1;39;39
95;1;39;4
95;1;39;40
95;1;39;41
95;1;39;42
95;1;39;43
95;1;39;44
95;1;39;45
95;1;39;46
95;1;39;47
95;1;39;48
95;1;39;49
95;1;39;5
95;1;39;50
95;1;39;51
95;1;39;52
95;1;39;53
95;1;39;54
95;1;39;55
95;1;39;56
95;1;39;57
95;1;39;58
95;1;39;59
95;1;39;6
95;1;39;60
95;1;39;61
95;1;39;62
95;1;39;63
95;1;39;64
95;1;39;65
95;1;39;7
95;1;39;8
95;1;39;9
96;1;44;1
96;1;44;10
96;1;44;100
96;1;44;101
96;1;44;102
96;1;44;103
96;1;44;104
96;1;44;105
96;1;44;106
96;1;44;107
96;1;44;108
96;1;44;11
96;1;44;12
96;1;44;13
96;1;44;14
96;1;44;15
96;1;44;16
96;1;44;17
96;1;44;18
96;1;44;19
96;1;44;2
96;1;44;20
96;1;44;21
96;1;44;22
96;1;44;23
96;1;44;24
96;1;44;25
96;1;44;26
96;1;44;27
96;1;44;28
96;1;44;29
96;1;44;3
96;1;44;30
96;1;44;31
96;1;44;32
96;1;44;33
96;1;44;34
96;1;44;35
96;1;44;36
96;1;44;37
96;1;44;38
96;1;44;39
96;1;44;4
96;1;44;40
96;1;44;41
96;1;44;42
96;1;44;43
96;1;44;44
96;1;44;45
96;1;44;46
96;1;44;47
96;1;44;48
96;1;44;49
96;1;44;5
96;1;44;50
96;1;44;51
96;1;44;52
96;1;44;53
96;1;44;54
96;1;44;55
96;1;44;56
96;1;44;57
96;1;44;58
96;1;44;59
96;1;44;6
96;1;44;60
96;1;44;61
96;1;44;62
96;1;44;63
96;1;44;64
96;1;44;65
96;1;44;66
96;1;44;67
96;1;44;68
96;1;44;69
96;1;44;7
96;1;44;70
96;1;44;71
96;1;44;72
96;1;44;73
96;1;44;74
96;1;44;75
96;1;44;76
96;1;44;77
96;1;44;78
96;1;44;79
96;1;44;8
96;1;44;80
96;1;44;81
96;1;44;82
96;1;44;83
96;1;44;84
96;1;44;85
96;1;44;86
96;1;44;87
96;1;44;88
96;1;44;89
96;1;44;9
96;1;44;90
96;1;44;91
96;1;44;92
96;1;44;93
96;1;44;94
96;1;44;95
96;1;44;96
96;1;44;97
96;1;44;98
96;1;44;99
97;1;9;1
97;1;9;10
97;1;9;100
97;1;9;101
97;1;9;102
97;1;9;103
97;1;9;104
97;1;9;11
97;1;9;12
97;1;9;13
97;1;9;14
97;1;9;15
97;1;9;16
97;1;9;17
97;1;9;18
97;1;9;19
97;1;9;2
97;1;9;20
97;1;9;21
97;1;9;22
97;1;9;23
97;1;9;24
97;1;9;25
97;1;9;26
97;1;9;27
97;1;9;28
97;1;9;29
97;1;9;3
97;1;9;30
97;1;9;31
97;1;9;32
97;1;9;33
97;1;9;34
97;1;9;35
97;1;9;36
97;1;9;37
97;1;9;38
97;1;9;39
97;1;9;4
97;1;9;40
97;1;9;41
97;1;9;42
97;1;9;43
97;1;9;44
97;1;9;45
97;1;9;46
97;1;9;47
97;1;9;48
97;1;9;49
97;1;9;5
97;1;9;50
97;1;9;51
97;1;9;52
97;1;9;53
97;1;9;54
97;1;9;55
97;1;9;56
97;1;9;57
97;1;9;58
97;1;9;59
97;1;9;6
97;1;9;60
97;1;9;61
97;1;9;62
97;1;9;63
97;1;9;64
97;1;9;65
97;1;9;66
97;1;9;67
97;1;9;68
97;1;9;69
97;1;9;7
97;1;9;70
97;1;9;71
97;1;9;72
97;1;9;73
97;1;9;74
97;1;9;75
97;1;9;76
97;1;9;77
97;1;9;78
97;1;9;79
97;1;9;8
97;1;9;80
97;1;9;81
97;1;9;82
97;1;9;83
97;1;9;84
97;1;9;85
97;1;9;86
97;1;9;87
97;1;9;88
97;1;9;89
97;1;9;9
97;1;9;90
97;1;9;91
97;1;9;92
97;1;9;93
97;1;9;94
97;1;9;95
97;1;9;96
97;1;9;97
97;1;9;98
97;1;9;99
98;1;10;1
98;1;10;10
98;1;10;11
98;1;10;12
98;1;10;13
98;1;10;14
98;1;10;15
98;1;10;16
98;1;10;17
98;1;10;18
98;1;10;19
98;1;10;2
98;1;10;20
98;1;10;21
98;1;10;22
98;1;10;23
98;1;10;24
98;1;10;25
98;1;10;26
98;1;10;27
98;1;10;28
98;1;10;29
98;1;10;3
98;1;10;30
98;1;10;31
98;1;10;32
98;1;10;33
98;1;10;34
98;1;10;35
98;1;10;36
98;1;10;37
98;1;10;38
98;1;10;39
98;1;10;4
98;1;10;40
98;1;10;41
98;1;10;42
98;1;10;43
98;1;10;44
98;1;10;45
98;1;10;46
98;1;10;47
98;1;10;48
98;1;10;49
98;1;10;5
98;1;10;50
98;1;10;51
98;1;10;52
98;1;10;53
98;1;10;54
98;1;10;55
98;1;10;56
98;1;10;57
98;1;10;58
98;1;10;59
98;1;10;6
98;1;10;60
98;1;10;61
98;1;10;62
98;1;10;63
98;1;10;64
98;1;10;65
98;1;10;66
98;1;10;67
98;1;10;68
98;1;10;69
98;1;10;7
98;1;10;70
98;1;10;71
98;1;10;72
98;1;10;73
98;1;10;74
98;1;10;75
98;1;10;76
98;1;10;77
98;1;10;78
98;1;10;79
98;1;10;8
98;1;10;80
98;1;10;81
98;1;10;82
98;1;10;83
98;1;10;84
98;1;10;85
98;1;10;86
98;1;10;87
98;1;10;88
98;1;10;89
98;1;10;9
99;1;10;1
99;1;10;10
99;1;10;100
99;1;10;101
99;1;10;102
99;1;10;103
99;1;10;104
99;1;10;105
99;1;10;106
99;1;10;107
99;1;10;108
99;1;10;109
99;1;10;11
99;1;10;110
99;1;10;111
99;1;10;112
99;1;10;113
99;1;10;114
99;1;10;12
99;1;10;13
99;1;10;14
99;1;10;15
99;1;10;16
99;1;10;17
99;1;10;18
99;1;10;19
99;1;10;2
99;1;10;20
99;1;10;21
99;1;10;22
99;1;10;23
99;1;10;24
99;1;10;25
99;1;10;26
99;1;10;27
99;1;10;28
99;1;10;29
99;1;10;3
99;1;10;30
99;1;10;31
99;1;10;32
99;1;10;33
99;1;10;34
99;1;10;35
99;1;10;36
99;1;10;37
99;1;10;38
99;1;10;39
99;1;10;4
99;1;10;40
99;1;10;41
99;1;10;42
99;1;10;43
99;1;10;44
99;1;10;45
99;1;10;46
99;1;10;47
99;1;10;48
99;1;10;49
99;1;10;5
99;1;10;50
99;1;10;51
99;1;10;52
99;1;10;53
99;1;10;54
99;1;10;55
99;1;10;56
99;1;10;57
99;1;10;58
99;1;10;59
99;1;10;6
99;1;10;60
99;1;10;61
99;1;10;62
99;1;10;63
99;1;10;64
99;1;10;65
99;1;10;66
99;1;10;67
99;1;10;68
99;1;10;69
99;1;10;7
99;1;10;70
99;1;10;71
99;1;10;72
99;1;10;73
99;1;10;74
99;1;10;75
99;1;10;76
99;1;10;77
99;1;10;78
99;1;10;79
99;1;10;8
99;1;10;80
99;1;10;81
99;1;10;82
99;1;10;83
99;1;10;84
99;1;10;85
99;1;10;86
99;1;10;87
99;1;10;88
99;1;10;89
99;1;10;9
99;1;10;90
99;1;10;91
99;1;10;92
99;1;10;93
99;1;10;94
99;1;10;95
99;1;10;96
99;1;10;97
99;1;10;98
99;1;10;99
9;1;36;1
9;1;36;10
9;1;36;11
9;1;36;12
9;1;36;13
9;1;36;14
9;1;36;15
9;1;36;16
9;1;36;17
9;1;36;18
9;1;36;19
9;1;36;2
9;1;36;20
9;1;36;21
9;1;36;22
9;1;36;23
9;1;36;24
9;1;36;25
9;1;36;26
9;1;36;27
9;1;36;28
9;1;36;29
9;1;36;3
9;1;36;30
9;1;36;31
9;1;36;32
9;1;36;33
9;1;36;34
9;1;36;35
9;1;36;36
9;1;36;37
9;1;36;38
9;1;36;39
9;1;36;4
9;1;36;40
9;1;36;41
9;1;36;42
9;1;36;43
9;1;36;44
9;1;36;45
9;1;36;46
9;1;36;47
9;1;36;48
9;1;36;49
9;1;36;5
9;1;36;50
9;1;36;51
9;1;36;52
9;1;36;53
9;1;36;54
9;1;36;55
9;1;36;56
9;1;36;57
9;1;36;58
9;1;36;59
9;1;36;6
9;1;36;60
9;1;36;61
9;1;36;62
9;1;36;63
9;1;36;64
9;1;36;65
9;1;36;66
9;1;36;67
9;1;36;7
9;1;36;8
9;1;36;9
